2026-05-15 14:36:29 | INFO     | Mode DRY-RUN activé — aucune modification ne sera faite sur le NAS
2026-05-15 14:37:53 | WARNING  | Erreur réseau (tentative 1/3) : HTTPSConnectionPool(host='voonet-redmoon.quickconnect.to', port=5001): Max retries exceeded with url: /photo/webapi/auth.cgi?api=SYNO.API.Auth&version=3&method=login&account=robot&passwd=%7CxOUGv80&enable_syno_token=no (Caused by ConnectTimeoutError(<HTTPSConnection(host='voonet-redmoon.quickconnect.to', port=5001) at 0x1c6f3a00980>, 'Connection to voonet-redmoon.quickconnect.to timed out. (connect timeout=30)')) — nouvel essai dans 1s
2026-05-15 14:39:18 | WARNING  | Erreur réseau (tentative 2/3) : HTTPSConnectionPool(host='voonet-redmoon.quickconnect.to', port=5001): Max retries exceeded with url: /photo/webapi/auth.cgi?api=SYNO.API.Auth&version=3&method=login&account=robot&passwd=%7CxOUGv80&enable_syno_token=no (Caused by ConnectTimeoutError(<HTTPSConnection(host='voonet-redmoon.quickconnect.to', port=5001) at 0x1c6f39034d0>, 'Connection to voonet-redmoon.quickconnect.to timed out. (connect timeout=30)')) — nouvel essai dans 2s
2026-05-15 14:40:52 | INFO     | Mode DRY-RUN activé — aucune modification ne sera faite sur le NAS
2026-05-15 14:42:16 | WARNING  | Erreur réseau (tentative 1/3) : HTTPSConnectionPool(host='voonet-redmoon.quickconnect.to', port=5001): Max retries exceeded with url: /photo/webapi/auth.cgi?api=SYNO.API.Auth&version=3&method=login&account=robot&passwd=%7CxOUGv80&enable_syno_token=no (Caused by ConnectTimeoutError(<HTTPSConnection(host='voonet-redmoon.quickconnect.to', port=5001) at 0x23dcfb58980>, 'Connection to voonet-redmoon.quickconnect.to timed out. (connect timeout=30)')) — nouvel essai dans 1s
2026-05-15 14:43:41 | WARNING  | Erreur réseau (tentative 2/3) : HTTPSConnectionPool(host='voonet-redmoon.quickconnect.to', port=5001): Max retries exceeded with url: /photo/webapi/auth.cgi?api=SYNO.API.Auth&version=3&method=login&account=robot&passwd=%7CxOUGv80&enable_syno_token=no (Caused by ConnectTimeoutError(<HTTPSConnection(host='voonet-redmoon.quickconnect.to', port=5001) at 0x23dcfa5f4d0>, 'Connection to voonet-redmoon.quickconnect.to timed out. (connect timeout=30)')) — nouvel essai dans 2s
2026-05-15 14:44:31 | INFO     | Mode DRY-RUN activé — aucune modification ne sera faite sur le NAS
2026-05-15 14:45:55 | WARNING  | Erreur réseau (tentative 1/3) : HTTPSConnectionPool(host='voonet-redmoon.quickconnect.to', port=5001): Max retries exceeded with url: /photo/webapi/auth.cgi?api=SYNO.API.Auth&version=3&method=login&account=voonet&passwd=JJCPg%2CQ%21m%3A9u%3A_e&enable_syno_token=no (Caused by ConnectTimeoutError(<HTTPSConnection(host='voonet-redmoon.quickconnect.to', port=5001) at 0x28ee2bf8980>, 'Connection to voonet-redmoon.quickconnect.to timed out. (connect timeout=30)')) — nouvel essai dans 1s
2026-05-15 14:47:02 | INFO     | Mode DRY-RUN activé — aucune modification ne sera faite sur le NAS
2026-05-15 14:47:05 | WARNING  | Erreur réseau (tentative 1/3) : HTTPSConnectionPool(host='192-168-1-142', port=5001): Max retries exceeded with url: /photo/webapi/auth.cgi?api=SYNO.API.Auth&version=3&method=login&account=voonet&passwd=JJCPg%2CQ%21m%3A9u%3A_e&enable_syno_token=no (Caused by NameResolutionError("HTTPSConnection(host='192-168-1-142', port=5001): Failed to resolve '192-168-1-142' ([Errno 11001] getaddrinfo failed)")) — nouvel essai dans 1s
2026-05-15 14:47:08 | WARNING  | Erreur réseau (tentative 2/3) : HTTPSConnectionPool(host='192-168-1-142', port=5001): Max retries exceeded with url: /photo/webapi/auth.cgi?api=SYNO.API.Auth&version=3&method=login&account=voonet&passwd=JJCPg%2CQ%21m%3A9u%3A_e&enable_syno_token=no (Caused by NameResolutionError("HTTPSConnection(host='192-168-1-142', port=5001): Failed to resolve '192-168-1-142' ([Errno 11001] getaddrinfo failed)")) — nouvel essai dans 2s
2026-05-15 14:47:46 | INFO     | Mode DRY-RUN activé — aucune modification ne sera faite sur le NAS
2026-05-15 14:47:46 | WARNING  | Erreur réseau (tentative 1/3) : HTTPSConnectionPool(host='192.168.1.142', port=5001): Max retries exceeded with url: /photo/webapi/auth.cgi?api=SYNO.API.Auth&version=3&method=login&account=voonet&passwd=JJCPg%2CQ%21m%3A9u%3A_e&enable_syno_token=no (Caused by SSLError(SSLCertVerificationError(1, '[SSL: CERTIFICATE_VERIFY_FAILED] certificate verify failed: unable to get local issuer certificate (_ssl.c:1081)'))) — nouvel essai dans 1s
2026-05-15 14:47:47 | WARNING  | Erreur réseau (tentative 2/3) : HTTPSConnectionPool(host='192.168.1.142', port=5001): Max retries exceeded with url: /photo/webapi/auth.cgi?api=SYNO.API.Auth&version=3&method=login&account=voonet&passwd=JJCPg%2CQ%21m%3A9u%3A_e&enable_syno_token=no (Caused by SSLError(SSLCertVerificationError(1, '[SSL: CERTIFICATE_VERIFY_FAILED] certificate verify failed: unable to get local issuer certificate (_ssl.c:1081)'))) — nouvel essai dans 2s
2026-05-15 14:49:03 | INFO     | Mode DRY-RUN activé — aucune modification ne sera faite sur le NAS
2026-05-15 14:50:28 | WARNING  | Erreur réseau (tentative 1/3) : HTTPSConnectionPool(host='voonet-redmoon.quickconnect.to', port=5001): Max retries exceeded with url: /photo/webapi/auth.cgi?api=SYNO.API.Auth&version=3&method=login&account=voonet&passwd=JJCPg%2CQ%21m%3A9u%3A_e&enable_syno_token=no (Caused by ConnectTimeoutError(<HTTPSConnection(host='voonet-redmoon.quickconnect.to', port=5001) at 0x26d84168980>, 'Connection to voonet-redmoon.quickconnect.to timed out. (connect timeout=30)')) — nouvel essai dans 1s
2026-05-15 14:51:53 | WARNING  | Erreur réseau (tentative 2/3) : HTTPSConnectionPool(host='voonet-redmoon.quickconnect.to', port=5001): Max retries exceeded with url: /photo/webapi/auth.cgi?api=SYNO.API.Auth&version=3&method=login&account=voonet&passwd=JJCPg%2CQ%21m%3A9u%3A_e&enable_syno_token=no (Caused by ConnectTimeoutError(<HTTPSConnection(host='voonet-redmoon.quickconnect.to', port=5001) at 0x26d8406f4d0>, 'Connection to voonet-redmoon.quickconnect.to timed out. (connect timeout=30)')) — nouvel essai dans 2s
2026-05-15 14:56:36 | INFO     | Mode DRY-RUN activé — aucune modification ne sera faite sur le NAS
2026-05-15 14:56:36 | INFO     | Résolution QuickConnect de 'voonet-redmoon'…
2026-05-15 14:58:02 | INFO     | Mode DRY-RUN activé — aucune modification ne sera faite sur le NAS
2026-05-15 14:58:02 | INFO     | Résolution QuickConnect de 'voonet-redmoon'…
2026-05-15 15:00:22 | INFO     | Mode DRY-RUN activé — aucune modification ne sera faite sur le NAS
2026-05-15 15:02:03 | INFO     | Mode DRY-RUN activé — aucune modification ne sera faite sur le NAS
2026-05-15 15:02:24 | INFO     | Mode DRY-RUN activé — aucune modification ne sera faite sur le NAS
2026-05-15 15:02:42 | INFO     | Mode DRY-RUN activé — aucune modification ne sera faite sur le NAS
2026-05-15 15:03:56 | INFO     | Mode DRY-RUN activé — aucune modification ne sera faite sur le NAS
2026-05-15 15:08:27 | INFO     | Mode DRY-RUN activé — aucune modification ne sera faite sur le NAS
2026-05-15 15:08:39 | INFO     | Connecté au NAS (compte : robot, url : http://192.168.1.142:5000)
2026-05-15 15:08:46 | INFO     | Session fermée
2026-05-15 15:11:45 | INFO     | Mode DRY-RUN activé — aucune modification ne sera faite sur le NAS
2026-05-15 15:12:01 | INFO     | Connecté au NAS (compte : robot, url : http://192.168.1.142:5000)
2026-05-15 15:12:03 | INFO     | Session fermée
2026-05-15 15:12:55 | INFO     | Mode DRY-RUN activé — aucune modification ne sera faite sur le NAS
2026-05-15 15:13:05 | INFO     | Connecté au NAS (compte : robot, url : http://192.168.1.142:5000)
2026-05-15 15:13:42 | INFO     | Session fermée
2026-05-15 18:09:53 | INFO     | Mode DRY-RUN activé — aucune modification ne sera faite sur le NAS
2026-05-15 18:09:56 | INFO     | Connecté au NAS (compte : robot, url : http://192.168.1.142:5000)
2026-05-15 18:10:06 | INFO     | Session fermée
2026-05-15 18:11:27 | INFO     | Mode DRY-RUN activé — aucune modification ne sera faite sur le NAS
2026-05-15 18:11:29 | INFO     | Connecté au NAS (compte : robot, url : http://192.168.1.142:5000)
2026-05-15 18:11:29 | INFO     | Reconstruction forcée de l'index (--rebuild-index)
2026-05-15 18:11:29 | INFO     | Reconstruction de l'index en cours…
2026-05-15 18:12:48 | INFO     | 442 dossier(s) trouvé(s)
2026-05-15 18:12:58 | INFO     |   1990 - Photos Auménancourt                     2267 photo(s)  [cumul : 2267]
2026-05-15 18:13:01 | INFO     |   198000 - Gacoin                                 529 photo(s)  [cumul : 2796]
2026-05-15 18:13:05 | INFO     |   199000 - Diapositives Auménancourt              956 photo(s)  [cumul : 3752]
2026-05-15 18:13:06 | INFO     |   199000 Candice                                  190 photo(s)  [cumul : 3942]
2026-05-15 18:13:07 | INFO     |   199001 - Candice                                 58 photo(s)  [cumul : 4000]
2026-05-15 18:13:07 | INFO     |   199002 - Copains                                  6 photo(s)  [cumul : 4006]
2026-05-15 18:13:11 | INFO     |   199901                                         1452 photo(s)  [cumul : 5458]
2026-05-15 18:13:12 | INFO     |   200900 - Amsterdam                              188 photo(s)  [cumul : 5646]
2026-05-15 18:13:13 | INFO     |   200902 - Inde photo d'Alexandrine               421 photo(s)  [cumul : 6067]
2026-05-15 18:13:14 | INFO     |   200902 - Inde Yves                              468 photo(s)  [cumul : 6535]
2026-05-15 18:13:15 | INFO     |   200907 - Camille à Paris                        115 photo(s)  [cumul : 6650]
2026-05-15 18:13:16 | INFO     |   200909 - Marbella                               193 photo(s)  [cumul : 6843]
2026-05-15 18:13:16 | INFO     |   200910 - Yves et Candice                         60 photo(s)  [cumul : 6903]
2026-05-15 18:13:17 | INFO     |   201010 - Thailande 2010                           6 photo(s)  [cumul : 6909]
2026-05-15 18:13:17 | INFO     |   201105 - Rome 2011                                9 photo(s)  [cumul : 6918]
2026-05-15 18:13:17 | INFO     |   201107 - Candice 2011                             6 photo(s)  [cumul : 6924]
2026-05-15 18:13:17 | INFO     |   201108 - Aout 2011 - Normandie & Barcelone       11 photo(s)  [cumul : 6935]
2026-05-15 18:13:18 | INFO     |   201204 - Lou-Anne 1 Mois                         16 photo(s)  [cumul : 6951]
2026-05-15 18:13:18 | INFO     |   201205 - Lou-Anne 2 mois                         15 photo(s)  [cumul : 6966]
2026-05-15 18:13:18 | INFO     |   201206 - Lou-Anne 3 mois                         21 photo(s)  [cumul : 6987]
2026-05-15 18:13:19 | INFO     |   201212 - iphone candice dec 12                   59 photo(s)  [cumul : 7046]
2026-05-15 18:13:20 | INFO     |   201304 - Lou Anne Avril 2013                     35 photo(s)  [cumul : 7081]
2026-05-15 18:13:20 | INFO     |   201304 - Lou Avril                                2 photo(s)  [cumul : 7083]
2026-05-15 18:13:20 | INFO     |   201305 - Lou-Anne  Mai 2013                       8 photo(s)  [cumul : 7091]
2026-05-15 18:13:21 | INFO     |   201307 - Juillet 2013                             3 photo(s)  [cumul : 7094]
2026-05-15 18:13:21 | INFO     |   201307 - Lou-Anne 7 juillet 2013                  7 photo(s)  [cumul : 7101]
2026-05-15 18:13:21 | INFO     |   201307 - Lou-Anne Juin 2013 - 2                  26 photo(s)  [cumul : 7127]
2026-05-15 18:13:21 | INFO     |   201308 - Aout 2013                                6 photo(s)  [cumul : 7133]
2026-05-15 18:13:21 | INFO     |   201402 - Dans les bois Fev 2014                  10 photo(s)  [cumul : 7143]
2026-05-15 18:13:21 | INFO     |   201403 - Mars 2014                               28 photo(s)  [cumul : 7171]
2026-05-15 18:13:22 | INFO     |   201404 - Paques 2014                             55 photo(s)  [cumul : 7226]
2026-05-15 18:13:22 | INFO     |   201408 - Etel 2014                               37 photo(s)  [cumul : 7263]
2026-05-15 18:13:23 | INFO     |   201410 - Octobre 2014                             2 photo(s)  [cumul : 7265]
2026-05-15 18:13:24 | INFO     |   201502 - Hiver 2014-2015                         27 photo(s)  [cumul : 7292]
2026-05-15 18:13:24 | INFO     |   201507 - Mariage Yves et Candice                 72 photo(s)  [cumul : 7364]
2026-05-15 18:13:25 | INFO     |   201511 - Erwan                                   32 photo(s)  [cumul : 7396]
2026-05-15 18:13:25 | INFO     |   201601                                           51 photo(s)  [cumul : 7447]
2026-05-15 18:13:25 | INFO     |   201602                                           18 photo(s)  [cumul : 7465]
2026-05-15 18:13:26 | INFO     |   201603                                           60 photo(s)  [cumul : 7525]
2026-05-15 18:13:26 | INFO     |   201604                                            6 photo(s)  [cumul : 7531]
2026-05-15 18:13:26 | INFO     |   201605                                           20 photo(s)  [cumul : 7551]
2026-05-15 18:13:26 | INFO     |   201607 - Cap Ferret                              43 photo(s)  [cumul : 7594]
2026-05-15 18:13:27 | INFO     |   201608                                           36 photo(s)  [cumul : 7630]
2026-05-15 18:13:27 | INFO     |   201611 - Iphone Candice                          52 photo(s)  [cumul : 7682]
2026-05-15 18:13:28 | INFO     |   201701 - Iphone Candice                         333 photo(s)  [cumul : 8015]
2026-05-15 18:13:30 | INFO     |   201802                                          202 photo(s)  [cumul : 8217]
2026-05-15 18:13:30 | INFO     |   201805                                           96 photo(s)  [cumul : 8313]
2026-05-15 18:13:31 | INFO     |   201808                                          294 photo(s)  [cumul : 8607]
2026-05-15 18:13:31 | INFO     |   201809                                           91 photo(s)  [cumul : 8698]
2026-05-15 18:13:31 | INFO     |   201810                                          240 photo(s)  [cumul : 8938]
2026-05-15 18:13:33 | INFO     |   201811                                          158 photo(s)  [cumul : 9096]
2026-05-15 18:13:33 | INFO     |   201811-Max                                       11 photo(s)  [cumul : 9107]
2026-05-15 18:13:34 | INFO     |   201812 - Noel                                   440 photo(s)  [cumul : 9547]
2026-05-15 18:13:34 | INFO     |   201812-2                                        122 photo(s)  [cumul : 9669]
2026-05-15 18:13:35 | INFO     |   201812-3                                        390 photo(s)  [cumul : 10059]
2026-05-15 18:13:36 | INFO     |   201812-Photos de Lou-Anne                       166 photo(s)  [cumul : 10225]
2026-05-15 18:13:36 | INFO     |   201902                                          153 photo(s)  [cumul : 10378]
2026-05-15 18:13:37 | INFO     |   201904                                          366 photo(s)  [cumul : 10744]
2026-05-15 18:13:38 | INFO     |   201904-2                                        131 photo(s)  [cumul : 10875]
2026-05-15 18:13:38 | INFO     |   201905 - Etel                                   249 photo(s)  [cumul : 11124]
2026-05-15 18:13:39 | INFO     |   201911                                          134 photo(s)  [cumul : 11258]
2026-05-15 18:13:39 | INFO     |   202006                                          303 photo(s)  [cumul : 11561]
2026-05-15 18:13:40 | INFO     |   202007 Bridge                                   453 photo(s)  [cumul : 12014]
2026-05-15 18:13:41 | INFO     |   202008 Rflexx                                   288 photo(s)  [cumul : 12302]
2026-05-15 18:13:41 | INFO     |   202012 - Flashmob Erwan                           5 photo(s)  [cumul : 12307]
2026-05-15 18:13:41 | INFO     |   202101                                          228 photo(s)  [cumul : 12535]
2026-05-15 18:13:42 | INFO     |   202102 - Photo Appart                            83 photo(s)  [cumul : 12618]
2026-05-15 18:13:42 | INFO     |   202104                                          128 photo(s)  [cumul : 12746]
2026-05-15 18:13:43 | INFO     |   202106 - Maison Aumenancourt                    417 photo(s)  [cumul : 13163]
2026-05-15 18:13:44 | INFO     |   202108                                          703 photo(s)  [cumul : 13866]
2026-05-15 18:13:44 | INFO     |   202111                                           32 photo(s)  [cumul : 13898]
2026-05-15 18:13:44 | INFO     |   202204                                          263 photo(s)  [cumul : 14161]
2026-05-15 18:13:45 | INFO     |   202204 - Photo d'erwan                          242 photo(s)  [cumul : 14403]
2026-05-15 18:13:45 | INFO     |   202205                                          125 photo(s)  [cumul : 14528]
2026-05-15 18:13:45 | INFO     |   202206                                          109 photo(s)  [cumul : 14637]
2026-05-15 18:13:46 | INFO     |   202208                                           80 photo(s)  [cumul : 14717]
2026-05-15 18:13:46 | INFO     |   202308                                          207 photo(s)  [cumul : 14924]
2026-05-15 18:13:47 | INFO     |   202312                                          138 photo(s)  [cumul : 15062]
2026-05-15 18:13:48 | INFO     |   202405                                          135 photo(s)  [cumul : 15197]
2026-05-15 18:13:49 | INFO     |   202408                                          113 photo(s)  [cumul : 15310]
2026-05-15 18:13:51 | INFO     |   202410                                           98 photo(s)  [cumul : 15408]
2026-05-15 18:13:51 | INFO     |   202506                                          121 photo(s)  [cumul : 15529]
2026-05-15 18:13:51 | INFO     |   202507                                          126 photo(s)  [cumul : 15655]
2026-05-15 18:13:53 | INFO     |   202507 - PISTACHE TEAM OVAL CINEMA              315 photo(s)  [cumul : 15970]
2026-05-15 18:13:54 | INFO     |   202508 - Normandie                              111 photo(s)  [cumul : 16081]
2026-05-15 18:13:56 | INFO     |   202508 - Sanguinet                              434 photo(s)  [cumul : 16515]
2026-05-15 18:13:56 | INFO     |   202508 - Zoo Beauval                             35 photo(s)  [cumul : 16550]
2026-05-15 18:13:57 | INFO     |   202512                                           32 photo(s)  [cumul : 16582]
2026-05-15 18:13:58 | INFO     |   202604 - Londres                                265 photo(s)  [cumul : 16847]
2026-05-15 18:13:59 | INFO     |   Random36                                         42 photo(s)  [cumul : 16889]
2026-05-15 18:14:01 | INFO     |   VHS Auménancourt                                109 photo(s)  [cumul : 16998]
2026-05-15 18:14:01 | INFO     |   VHS Candice                                       4 photo(s)  [cumul : 17002]
2026-05-15 18:14:01 | INFO     |   Video - Erwan                                     4 photo(s)  [cumul : 17006]
2026-05-15 18:14:01 | INFO     |   Video - Grand parents Candice                     2 photo(s)  [cumul : 17008]
2026-05-15 18:14:03 | INFO     |   Video - Lou-Anne                                138 photo(s)  [cumul : 17146]
2026-05-15 18:14:04 | INFO     |   Video - Perso                                    56 photo(s)  [cumul : 17202]
2026-05-15 18:14:15 | INFO     |   Video - ToutesLesVideoGoogleYves               5035 photo(s)  [cumul : 22237]
2026-05-15 18:14:15 | INFO     |   .dtrash//.dtrash/files                            1 photo(s)  [cumul : 22238]
2026-05-15 18:14:17 | INFO     |   1901 - Photo Maman//1901 - Photo Maman/-week-    80 photo(s)  [cumul : 22318]
2026-05-15 18:14:18 | INFO     |   1901 - Photo Maman//1901 - Photo Maman/26 avr    71 photo(s)  [cumul : 22389]
2026-05-15 18:14:19 | INFO     |   1901 - Photo Maman//1901 - Photo Maman/70 ans    36 photo(s)  [cumul : 22425]
2026-05-15 18:14:19 | INFO     |   1901 - Photo Maman//1901 - Photo Maman/2007 -    52 photo(s)  [cumul : 22477]
2026-05-15 18:14:19 | INFO     |   1901 - Photo Maman//1901 - Photo Maman/2010-0     1 photo(s)  [cumul : 22478]
2026-05-15 18:14:19 | INFO     |   1901 - Photo Maman//1901 - Photo Maman/2010-0    25 photo(s)  [cumul : 22503]
2026-05-15 18:14:19 | INFO     |   1901 - Photo Maman//1901 - Photo Maman/2010-0    28 photo(s)  [cumul : 22531]
2026-05-15 18:14:20 | INFO     |   1901 - Photo Maman//1901 - Photo Maman/2010-0   181 photo(s)  [cumul : 22712]
2026-05-15 18:14:20 | INFO     |   1901 - Photo Maman//1901 - Photo Maman/2010-1    24 photo(s)  [cumul : 22736]
2026-05-15 18:14:20 | INFO     |   1901 - Photo Maman//1901 - Photo Maman/2010-1    26 photo(s)  [cumul : 22762]
2026-05-15 18:14:20 | INFO     |   1901 - Photo Maman//1901 - Photo Maman/2011-0     2 photo(s)  [cumul : 22764]
2026-05-15 18:14:21 | INFO     |   1901 - Photo Maman//1901 - Photo Maman/2011-0     8 photo(s)  [cumul : 22772]
2026-05-15 18:14:21 | INFO     |   1901 - Photo Maman//1901 - Photo Maman/2011-0     7 photo(s)  [cumul : 22779]
2026-05-15 18:14:21 | INFO     |   1901 - Photo Maman//1901 - Photo Maman/2011-0    23 photo(s)  [cumul : 22802]
2026-05-15 18:14:21 | INFO     |   1901 - Photo Maman//1901 - Photo Maman/2011-1    87 photo(s)  [cumul : 22889]
2026-05-15 18:14:21 | INFO     |   1901 - Photo Maman//1901 - Photo Maman/2015-0    14 photo(s)  [cumul : 22903]
2026-05-15 18:14:21 | INFO     |   1901 - Photo Maman//1901 - Photo Maman/2018-0    28 photo(s)  [cumul : 22931]
2026-05-15 18:14:22 | INFO     |   1901 - Photo Maman//1901 - Photo Maman/Album     56 photo(s)  [cumul : 22987]
2026-05-15 18:14:22 | INFO     |   1901 - Photo Maman//1901 - Photo Maman/Allema    97 photo(s)  [cumul : 23084]
2026-05-15 18:14:22 | INFO     |   1901 - Photo Maman//1901 - Photo Maman/Annive    55 photo(s)  [cumul : 23139]
2026-05-15 18:14:23 | INFO     |   1901 - Photo Maman//1901 - Photo Maman/Août 2   133 photo(s)  [cumul : 23272]
2026-05-15 18:14:23 | INFO     |   1901 - Photo Maman//1901 - Photo Maman/Août 2    70 photo(s)  [cumul : 23342]
2026-05-15 18:14:23 | INFO     |   1901 - Photo Maman//1901 - Photo Maman/Ardéch    45 photo(s)  [cumul : 23387]
2026-05-15 18:14:24 | INFO     |   1901 - Photo Maman//1901 - Photo Maman/Aumena     1 photo(s)  [cumul : 23388]
2026-05-15 18:14:24 | INFO     |   1901 - Photo Maman//1901 - Photo Maman/Aumena    29 photo(s)  [cumul : 23417]
2026-05-15 18:14:24 | INFO     |   1901 - Photo Maman//1901 - Photo Maman/Auména    56 photo(s)  [cumul : 23473]
2026-05-15 18:14:26 | INFO     |   1901 - Photo Maman//1901 - Photo Maman/Auména   304 photo(s)  [cumul : 23777]
2026-05-15 18:14:26 | INFO     |   1901 - Photo Maman//1901 - Photo Maman/Auména    70 photo(s)  [cumul : 23847]
2026-05-15 18:14:26 | INFO     |   1901 - Photo Maman//1901 - Photo Maman/Avaux     28 photo(s)  [cumul : 23875]
2026-05-15 18:14:27 | INFO     |   1901 - Photo Maman//1901 - Photo Maman/Avaux     52 photo(s)  [cumul : 23927]
2026-05-15 18:14:28 | INFO     |   1901 - Photo Maman//1901 - Photo Maman/base 1   559 photo(s)  [cumul : 24486]
2026-05-15 18:14:28 | INFO     |   1901 - Photo Maman//1901 - Photo Maman/baudes    65 photo(s)  [cumul : 24551]
2026-05-15 18:14:29 | INFO     |   1901 - Photo Maman//1901 - Photo Maman/Bernar    94 photo(s)  [cumul : 24645]
2026-05-15 18:14:29 | INFO     |   1901 - Photo Maman//1901 - Photo Maman/Bernar    80 photo(s)  [cumul : 24725]
2026-05-15 18:14:29 | INFO     |   1901 - Photo Maman//1901 - Photo Maman/Bordea    30 photo(s)  [cumul : 24755]
2026-05-15 18:14:29 | INFO     |   1901 - Photo Maman//1901 - Photo Maman/Bordea    45 photo(s)  [cumul : 24800]
2026-05-15 18:14:30 | INFO     |   1901 - Photo Maman//1901 - Photo Maman/Camill    83 photo(s)  [cumul : 24883]
2026-05-15 18:14:30 | INFO     |   1901 - Photo Maman//1901 - Photo Maman/Camill    67 photo(s)  [cumul : 24950]
2026-05-15 18:14:30 | INFO     |   1901 - Photo Maman//1901 - Photo Maman/Camill   151 photo(s)  [cumul : 25101]
2026-05-15 18:14:30 | INFO     |   1901 - Photo Maman//1901 - Photo Maman/Camill   115 photo(s)  [cumul : 25216]
2026-05-15 18:14:30 | INFO     |   1901 - Photo Maman//1901 - Photo Maman/Chine      5 photo(s)  [cumul : 25221]
2026-05-15 18:14:31 | INFO     |   1901 - Photo Maman//1901 - Photo Maman/Chloé    181 photo(s)  [cumul : 25402]
2026-05-15 18:14:31 | INFO     |   1901 - Photo Maman//1901 - Photo Maman/Chloé    107 photo(s)  [cumul : 25509]
2026-05-15 18:14:32 | INFO     |   1901 - Photo Maman//1901 - Photo Maman/chloé     15 photo(s)  [cumul : 25524]
2026-05-15 18:14:32 | INFO     |   1901 - Photo Maman//1901 - Photo Maman/Clemen   102 photo(s)  [cumul : 25626]
2026-05-15 18:14:33 | INFO     |   1901 - Photo Maman//1901 - Photo Maman/Clémen   272 photo(s)  [cumul : 25898]
2026-05-15 18:14:33 | INFO     |   1901 - Photo Maman//1901 - Photo Maman/Clémen   151 photo(s)  [cumul : 26049]
2026-05-15 18:14:36 | INFO     |   1901 - Photo Maman//1901 - Photo Maman/Clotil   194 photo(s)  [cumul : 26243]
2026-05-15 18:14:37 | INFO     |   1901 - Photo Maman//1901 - Photo Maman/Clotil    49 photo(s)  [cumul : 26292]
2026-05-15 18:14:37 | INFO     |   1901 - Photo Maman//1901 - Photo Maman/clotil     8 photo(s)  [cumul : 26300]
2026-05-15 18:14:37 | INFO     |   1901 - Photo Maman//1901 - Photo Maman/commun    18 photo(s)  [cumul : 26318]
2026-05-15 18:14:37 | INFO     |   1901 - Photo Maman//1901 - Photo Maman/Commun   103 photo(s)  [cumul : 26421]
2026-05-15 18:14:37 | INFO     |   1901 - Photo Maman//1901 - Photo Maman/commun     2 photo(s)  [cumul : 26423]
2026-05-15 18:14:38 | INFO     |   1901 - Photo Maman//1901 - Photo Maman/Corse     68 photo(s)  [cumul : 26491]
2026-05-15 18:14:39 | INFO     |   1901 - Photo Maman//1901 - Photo Maman/Cousin   390 photo(s)  [cumul : 26881]
2026-05-15 18:14:39 | INFO     |   1901 - Photo Maman//1901 - Photo Maman/Decemb     7 photo(s)  [cumul : 26888]
2026-05-15 18:14:39 | INFO     |   1901 - Photo Maman//1901 - Photo Maman/disque     4 photo(s)  [cumul : 26892]
2026-05-15 18:14:40 | INFO     |   1901 - Photo Maman//1901 - Photo Maman/Dune d    59 photo(s)  [cumul : 26951]
2026-05-15 18:14:40 | INFO     |   1901 - Photo Maman//1901 - Photo Maman/Emmanu    35 photo(s)  [cumul : 26986]
2026-05-15 18:14:40 | INFO     |   1901 - Photo Maman//1901 - Photo Maman/EMMANU    96 photo(s)  [cumul : 27082]
2026-05-15 18:14:40 | INFO     |   1901 - Photo Maman//1901 - Photo Maman/Esther     3 photo(s)  [cumul : 27085]
2026-05-15 18:14:40 | INFO     |   1901 - Photo Maman//1901 - Photo Maman/Famill    89 photo(s)  [cumul : 27174]
2026-05-15 18:14:41 | INFO     |   1901 - Photo Maman//1901 - Photo Maman/Famill   288 photo(s)  [cumul : 27462]
2026-05-15 18:14:41 | INFO     |   1901 - Photo Maman//1901 - Photo Maman/famill     9 photo(s)  [cumul : 27471]
2026-05-15 18:14:41 | INFO     |   1901 - Photo Maman//1901 - Photo Maman/Famill   101 photo(s)  [cumul : 27572]
2026-05-15 18:14:41 | INFO     |   1901 - Photo Maman//1901 - Photo Maman/Famill     6 photo(s)  [cumul : 27578]
2026-05-15 18:14:42 | INFO     |   1901 - Photo Maman//1901 - Photo Maman/famill    30 photo(s)  [cumul : 27608]
2026-05-15 18:14:42 | INFO     |   1901 - Photo Maman//1901 - Photo Maman/Famill    17 photo(s)  [cumul : 27625]
2026-05-15 18:14:42 | INFO     |   1901 - Photo Maman//1901 - Photo Maman/Fort d   110 photo(s)  [cumul : 27735]
2026-05-15 18:14:42 | INFO     |   1901 - Photo Maman//1901 - Photo Maman/Gietta    40 photo(s)  [cumul : 27775]
2026-05-15 18:14:42 | INFO     |   1901 - Photo Maman//1901 - Photo Maman/Guadel    34 photo(s)  [cumul : 27809]
2026-05-15 18:14:43 | INFO     |   1901 - Photo Maman//1901 - Photo Maman/ipad     169 photo(s)  [cumul : 27978]
2026-05-15 18:14:44 | INFO     |   1901 - Photo Maman//1901 - Photo Maman/ipad A   418 photo(s)  [cumul : 28396]
2026-05-15 18:14:44 | INFO     |   1901 - Photo Maman//1901 - Photo Maman/ipad F    45 photo(s)  [cumul : 28441]
2026-05-15 18:14:45 | INFO     |   1901 - Photo Maman//1901 - Photo Maman/ipad M   505 photo(s)  [cumul : 28946]
2026-05-15 18:14:45 | INFO     |   1901 - Photo Maman//1901 - Photo Maman/Jardin    39 photo(s)  [cumul : 28985]
2026-05-15 18:14:45 | INFO     |   1901 - Photo Maman//1901 - Photo Maman/joel k    49 photo(s)  [cumul : 29034]
2026-05-15 18:14:45 | INFO     |   1901 - Photo Maman//1901 - Photo Maman/joél ;    33 photo(s)  [cumul : 29067]
2026-05-15 18:14:46 | INFO     |   1901 - Photo Maman//1901 - Photo Maman/Joël,    110 photo(s)  [cumul : 29177]
2026-05-15 18:14:46 | INFO     |   1901 - Photo Maman//1901 - Photo Maman/Juille    28 photo(s)  [cumul : 29205]
2026-05-15 18:14:46 | INFO     |   1901 - Photo Maman//1901 - Photo Maman/Juin 2   185 photo(s)  [cumul : 29390]
2026-05-15 18:14:46 | INFO     |   1901 - Photo Maman//1901 - Photo Maman/Lou-An    25 photo(s)  [cumul : 29415]
2026-05-15 18:14:47 | INFO     |   1901 - Photo Maman//1901 - Photo Maman/Lourde    11 photo(s)  [cumul : 29426]
2026-05-15 18:14:47 | INFO     |   1901 - Photo Maman//1901 - Photo Maman/MAI  2   102 photo(s)  [cumul : 29528]
2026-05-15 18:14:47 | INFO     |   1901 - Photo Maman//1901 - Photo Maman/Major    133 photo(s)  [cumul : 29661]
2026-05-15 18:14:48 | INFO     |   1901 - Photo Maman//1901 - Photo Maman/MALAUC   401 photo(s)  [cumul : 30062]
2026-05-15 18:14:48 | INFO     |   1901 - Photo Maman//1901 - Photo Maman/mantea     3 photo(s)  [cumul : 30065]
2026-05-15 18:14:48 | INFO     |   1901 - Photo Maman//1901 - Photo Maman/Mars 2    38 photo(s)  [cumul : 30103]
2026-05-15 18:14:48 | INFO     |   1901 - Photo Maman//1901 - Photo Maman/Maurit    18 photo(s)  [cumul : 30121]
2026-05-15 18:14:48 | INFO     |   1901 - Photo Maman//1901 - Photo Maman/Mont S    35 photo(s)  [cumul : 30156]
2026-05-15 18:14:49 | INFO     |   1901 - Photo Maman//1901 - Photo Maman/Montpe   390 photo(s)  [cumul : 30546]
2026-05-15 18:14:49 | INFO     |   1901 - Photo Maman//1901 - Photo Maman/Noel 2   135 photo(s)  [cumul : 30681]
2026-05-15 18:14:49 | INFO     |   1901 - Photo Maman//1901 - Photo Maman/Noel 2    23 photo(s)  [cumul : 30704]
2026-05-15 18:14:49 | INFO     |   1901 - Photo Maman//1901 - Photo Maman/Noel 2     9 photo(s)  [cumul : 30713]
2026-05-15 18:14:49 | INFO     |   1901 - Photo Maman//1901 - Photo Maman/Noël 0   113 photo(s)  [cumul : 30826]
2026-05-15 18:14:50 | INFO     |   1901 - Photo Maman//1901 - Photo Maman/Noël 2   114 photo(s)  [cumul : 30940]
2026-05-15 18:14:51 | INFO     |   1901 - Photo Maman//1901 - Photo Maman/Noël 2  1001 photo(s)  [cumul : 31941]
2026-05-15 18:14:51 | INFO     |   1901 - Photo Maman//1901 - Photo Maman/Nouvel    15 photo(s)  [cumul : 31956]
2026-05-15 18:14:52 | INFO     |   1901 - Photo Maman//1901 - Photo Maman/Pacque    82 photo(s)  [cumul : 32038]
2026-05-15 18:14:53 | INFO     |   1901 - Photo Maman//1901 - Photo Maman/Pacque    25 photo(s)  [cumul : 32063]
2026-05-15 18:14:53 | INFO     |   1901 - Photo Maman//1901 - Photo Maman/Pâques    50 photo(s)  [cumul : 32113]
2026-05-15 18:14:53 | INFO     |   1901 - Photo Maman//1901 - Photo Maman/photo     28 photo(s)  [cumul : 32141]
2026-05-15 18:14:54 | INFO     |   1901 - Photo Maman//1901 - Photo Maman/Photo      8 photo(s)  [cumul : 32149]
2026-05-15 18:14:54 | INFO     |   1901 - Photo Maman//1901 - Photo Maman/Photo     88 photo(s)  [cumul : 32237]
2026-05-15 18:14:54 | INFO     |   1901 - Photo Maman//1901 - Photo Maman/Photos    18 photo(s)  [cumul : 32255]
2026-05-15 18:14:54 | INFO     |   1901 - Photo Maman//1901 - Photo Maman/Photos    42 photo(s)  [cumul : 32297]
2026-05-15 18:14:54 | INFO     |   1901 - Photo Maman//1901 - Photo Maman/pour e     8 photo(s)  [cumul : 32305]
2026-05-15 18:14:55 | INFO     |   1901 - Photo Maman//1901 - Photo Maman/Ramatu    60 photo(s)  [cumul : 32365]
2026-05-15 18:14:55 | INFO     |   1901 - Photo Maman//1901 - Photo Maman/Repas      7 photo(s)  [cumul : 32372]
2026-05-15 18:14:55 | INFO     |   1901 - Photo Maman//1901 - Photo Maman/Scan c    24 photo(s)  [cumul : 32396]
2026-05-15 18:14:55 | INFO     |   1901 - Photo Maman//1901 - Photo Maman/Simon     24 photo(s)  [cumul : 32420]
2026-05-15 18:14:55 | INFO     |   1901 - Photo Maman//1901 - Photo Maman/st pal     3 photo(s)  [cumul : 32423]
2026-05-15 18:14:55 | INFO     |   1901 - Photo Maman//1901 - Photo Maman/Suisse    32 photo(s)  [cumul : 32455]
2026-05-15 18:14:55 | INFO     |   1901 - Photo Maman//1901 - Photo Maman/Toussa    13 photo(s)  [cumul : 32468]
2026-05-15 18:14:56 | INFO     |   1901 - Photo Maman//1901 - Photo Maman/Vacanc    29 photo(s)  [cumul : 32497]
2026-05-15 18:14:56 | INFO     |   1901 - Photo Maman//1901 - Photo Maman/Vacanc    54 photo(s)  [cumul : 32551]
2026-05-15 18:14:56 | INFO     |   1901 - Photo Maman//1901 - Photo Maman/VERSAI    42 photo(s)  [cumul : 32593]
2026-05-15 18:14:57 | INFO     |   1901 - Photo Maman//1901 - Photo Maman/Yves      92 photo(s)  [cumul : 32685]
2026-05-15 18:14:57 | INFO     |   1901 - Photo Maman//1901 - Photo Maman/Yves 2    91 photo(s)  [cumul : 32776]
2026-05-15 18:14:57 | INFO     |   199001 - Candice//199001 - Candice/2005 01       33 photo(s)  [cumul : 32809]
2026-05-15 18:14:58 | INFO     |   199001 - Candice//199001 - Candice/2005 02       96 photo(s)  [cumul : 32905]
2026-05-15 18:14:58 | INFO     |   199001 - Candice//199001 - Candice/2005 03      107 photo(s)  [cumul : 33012]
2026-05-15 18:14:59 | INFO     |   199001 - Candice//199001 - Candice/2005 04      217 photo(s)  [cumul : 33229]
2026-05-15 18:15:00 | INFO     |   199001 - Candice//199001 - Candice/2005 05      189 photo(s)  [cumul : 33418]
2026-05-15 18:15:00 | INFO     |   199001 - Candice//199001 - Candice/2005 06      133 photo(s)  [cumul : 33551]
2026-05-15 18:15:00 | INFO     |   199001 - Candice//199001 - Candice/2005 07       65 photo(s)  [cumul : 33616]
2026-05-15 18:15:01 | INFO     |   199001 - Candice//199001 - Candice/2005 09      293 photo(s)  [cumul : 33909]
2026-05-15 18:15:01 | INFO     |   199001 - Candice//199001 - Candice/2005 10       76 photo(s)  [cumul : 33985]
2026-05-15 18:15:02 | INFO     |   199001 - Candice//199001 - Candice/2005 12       56 photo(s)  [cumul : 34041]
2026-05-15 18:15:02 | INFO     |   199001 - Candice//199001 - Candice/2006 01      115 photo(s)  [cumul : 34156]
2026-05-15 18:15:02 | INFO     |   199001 - Candice//199001 - Candice/2006 02       19 photo(s)  [cumul : 34175]
2026-05-15 18:15:03 | INFO     |   199001 - Candice//199001 - Candice/2006 05       53 photo(s)  [cumul : 34228]
2026-05-15 18:15:03 | INFO     |   199001 - Candice//199001 - Candice/Atja sun      20 photo(s)  [cumul : 34248]
2026-05-15 18:15:03 | INFO     |   199001 - Candice//199001 - Candice/fotoneige     29 photo(s)  [cumul : 34277]
2026-05-15 18:15:03 | INFO     |   199001 - Candice//199001 - Candice/foto_anni_    54 photo(s)  [cumul : 34331]
2026-05-15 18:15:04 | INFO     |   199001 - Candice//199001 - Candice/Nouveau do    32 photo(s)  [cumul : 34363]
2026-05-15 18:15:04 | INFO     |   199001 - Candice//199001 - Candice/P1            89 photo(s)  [cumul : 34452]
2026-05-15 18:15:05 | INFO     |   199001 - Candice//199001 - Candice/PHOTOS        82 photo(s)  [cumul : 34534]
2026-05-15 18:15:05 | INFO     |   199001 - Candice//199001 - Candice/Photos d'i    52 photo(s)  [cumul : 34586]
2026-05-15 18:15:07 | INFO     |   200700 - et Avant//200700 - et Avant/200202 -   725 photo(s)  [cumul : 35311]
2026-05-15 18:15:07 | INFO     |   200700 - et Avant//200700 - et Avant/Appart 1    74 photo(s)  [cumul : 35385]
2026-05-15 18:15:07 | INFO     |   200700 - et Avant//200700 - et Avant/Appart 1   180 photo(s)  [cumul : 35565]
2026-05-15 18:15:08 | INFO     |   200700 - et Avant//200700 - et Avant/Benin      472 photo(s)  [cumul : 36037]
2026-05-15 18:15:08 | INFO     |   200700 - et Avant//200700 - et Avant/Canada      99 photo(s)  [cumul : 36136]
2026-05-15 18:15:08 | INFO     |   200700 - et Avant//200700 - et Avant/Copains    161 photo(s)  [cumul : 36297]
2026-05-15 18:15:08 | INFO     |   200700 - et Avant//200700 - et Avant/Cremaill   209 photo(s)  [cumul : 36506]
2026-05-15 18:15:09 | INFO     |   200700 - et Avant//200700 - et Avant/Mariage     80 photo(s)  [cumul : 36586]
2026-05-15 18:15:09 | INFO     |   200700 - et Avant//200700 - et Avant/Namibie    270 photo(s)  [cumul : 36856]
2026-05-15 18:15:09 | INFO     |   200700 - et Avant//200700 - et Avant/New-Yaor   165 photo(s)  [cumul : 37021]
2026-05-15 18:15:09 | INFO     |   200700 - et Avant//200700 - et Avant/Nieces     223 photo(s)  [cumul : 37244]
2026-05-15 18:15:09 | INFO     |   200700 - et Avant//200700 - et Avant/Paris       17 photo(s)  [cumul : 37261]
2026-05-15 18:15:10 | INFO     |   200700 - et Avant//200700 - et Avant/Reunion    395 photo(s)  [cumul : 37656]
2026-05-15 18:15:11 | INFO     |   200700 - et Avant//200700 - et Avant/San Fran   308 photo(s)  [cumul : 37964]
2026-05-15 18:15:11 | INFO     |   200900 - Amsterdam//200900 - Amsterdam/.picas   161 photo(s)  [cumul : 38125]
2026-05-15 18:15:11 | INFO     |   200902 - Inde photo d'Alexandrine//200902 - I     1 photo(s)  [cumul : 38126]
2026-05-15 18:15:11 | INFO     |   200902 - Inde Yves//200902 - Inde Yves/.picas     7 photo(s)  [cumul : 38133]
2026-05-15 18:15:12 | INFO     |   200909 - Marbella//200909 - Marbella/.picasao   124 photo(s)  [cumul : 38257]
2026-05-15 18:15:12 | INFO     |   201108 - Aout 2011 - Normandie & Barcelone//2     6 photo(s)  [cumul : 38263]
2026-05-15 18:15:13 | INFO     |   201212 - iphone candice dec 12//201212 - ipho   129 photo(s)  [cumul : 38392]
2026-05-15 18:15:13 | INFO     |   201408 - Etel 2014//201408 - Etel 2014/Etel 2    50 photo(s)  [cumul : 38442]
2026-05-15 18:15:14 | INFO     |   201408 - Etel 2014//201408 - Etel 2014/Etel 2     4 photo(s)  [cumul : 38446]
2026-05-15 18:15:14 | INFO     |   201802//201802/2017-2018_Erwan Grenadine         62 photo(s)  [cumul : 38508]
2026-05-15 18:15:14 | INFO     |   201808//201808/Identité                           1 photo(s)  [cumul : 38509]
2026-05-15 18:15:14 | INFO     |   201812 - Noel//201812 - Noel/best                53 photo(s)  [cumul : 38562]
2026-05-15 18:15:14 | INFO     |   201812-3//201812-3/201908                       256 photo(s)  [cumul : 38818]
2026-05-15 18:15:14 | INFO     |   202106 - Maison Aumenancourt//202106 - Maison    60 photo(s)  [cumul : 38878]
2026-05-15 18:15:15 | INFO     |   Video - Perso//Video - Perso/Video Candice 2      6 photo(s)  [cumul : 38884]
2026-05-15 18:15:15 | INFO     |   Video - Perso//Video - Perso/Video Candice Ip    29 photo(s)  [cumul : 38913]
2026-05-15 18:15:15 | INFO     |   1901 - Photo Maman//1901 - Photo Maman/-week-    19 photo(s)  [cumul : 38932]
2026-05-15 18:15:15 | INFO     |   1901 - Photo Maman//1901 - Photo Maman/70 ans     8 photo(s)  [cumul : 38940]
2026-05-15 18:15:15 | INFO     |   1901 - Photo Maman//1901 - Photo Maman/2007 -     2 photo(s)  [cumul : 38942]
2026-05-15 18:15:16 | INFO     |   1901 - Photo Maman//1901 - Photo Maman/2010-0     9 photo(s)  [cumul : 38951]
2026-05-15 18:15:16 | INFO     |   1901 - Photo Maman//1901 - Photo Maman/2010-0    29 photo(s)  [cumul : 38980]
2026-05-15 18:15:16 | INFO     |   1901 - Photo Maman//1901 - Photo Maman/2018-0    28 photo(s)  [cumul : 39008]
2026-05-15 18:15:16 | INFO     |   1901 - Photo Maman//1901 - Photo Maman/Allema     7 photo(s)  [cumul : 39015]
2026-05-15 18:15:16 | INFO     |   1901 - Photo Maman//1901 - Photo Maman/Annive    20 photo(s)  [cumul : 39035]
2026-05-15 18:15:16 | INFO     |   1901 - Photo Maman//1901 - Photo Maman/Août 2    47 photo(s)  [cumul : 39082]
2026-05-15 18:15:16 | INFO     |   1901 - Photo Maman//1901 - Photo Maman/Août 2     6 photo(s)  [cumul : 39088]
2026-05-15 18:15:16 | INFO     |   1901 - Photo Maman//1901 - Photo Maman/Ardéch    10 photo(s)  [cumul : 39098]
2026-05-15 18:15:16 | INFO     |   1901 - Photo Maman//1901 - Photo Maman/Auména    18 photo(s)  [cumul : 39116]
2026-05-15 18:15:17 | INFO     |   1901 - Photo Maman//1901 - Photo Maman/Auména   112 photo(s)  [cumul : 39228]
2026-05-15 18:15:17 | INFO     |   1901 - Photo Maman//1901 - Photo Maman/Auména    14 photo(s)  [cumul : 39242]
2026-05-15 18:15:17 | INFO     |   1901 - Photo Maman//1901 - Photo Maman/Avaux/     1 photo(s)  [cumul : 39243]
2026-05-15 18:15:17 | INFO     |   1901 - Photo Maman//1901 - Photo Maman/Avaux     17 photo(s)  [cumul : 39260]
2026-05-15 18:15:17 | INFO     |   1901 - Photo Maman//1901 - Photo Maman/base 1     1 photo(s)  [cumul : 39261]
2026-05-15 18:15:17 | INFO     |   1901 - Photo Maman//1901 - Photo Maman/baudes     1 photo(s)  [cumul : 39262]
2026-05-15 18:15:17 | INFO     |   1901 - Photo Maman//1901 - Photo Maman/Bernar    46 photo(s)  [cumul : 39308]
2026-05-15 18:15:17 | INFO     |   1901 - Photo Maman//1901 - Photo Maman/Bordea     1 photo(s)  [cumul : 39309]
2026-05-15 18:15:17 | INFO     |   1901 - Photo Maman//1901 - Photo Maman/Bordea    15 photo(s)  [cumul : 39324]
2026-05-15 18:15:17 | INFO     |   1901 - Photo Maman//1901 - Photo Maman/Camill     2 photo(s)  [cumul : 39326]
2026-05-15 18:15:18 | INFO     |   1901 - Photo Maman//1901 - Photo Maman/Camill    31 photo(s)  [cumul : 39357]
2026-05-15 18:15:18 | INFO     |   1901 - Photo Maman//1901 - Photo Maman/Camill    60 photo(s)  [cumul : 39417]
2026-05-15 18:15:18 | INFO     |   1901 - Photo Maman//1901 - Photo Maman/Camill     4 photo(s)  [cumul : 39421]
2026-05-15 18:15:18 | INFO     |   1901 - Photo Maman//1901 - Photo Maman/Chine      1 photo(s)  [cumul : 39422]
2026-05-15 18:15:18 | INFO     |   1901 - Photo Maman//1901 - Photo Maman/Chloé     87 photo(s)  [cumul : 39509]
2026-05-15 18:15:18 | INFO     |   1901 - Photo Maman//1901 - Photo Maman/Clemen     4 photo(s)  [cumul : 39513]
2026-05-15 18:15:18 | INFO     |   1901 - Photo Maman//1901 - Photo Maman/Clémen   118 photo(s)  [cumul : 39631]
2026-05-15 18:15:18 | INFO     |   1901 - Photo Maman//1901 - Photo Maman/Clémen    46 photo(s)  [cumul : 39677]
2026-05-15 18:15:19 | INFO     |   1901 - Photo Maman//1901 - Photo Maman/Clotil    71 photo(s)  [cumul : 39748]
2026-05-15 18:15:19 | INFO     |   1901 - Photo Maman//1901 - Photo Maman/clotil     4 photo(s)  [cumul : 39752]
2026-05-15 18:15:19 | INFO     |   1901 - Photo Maman//1901 - Photo Maman/commun     3 photo(s)  [cumul : 39755]
2026-05-15 18:15:19 | INFO     |   1901 - Photo Maman//1901 - Photo Maman/Commun    24 photo(s)  [cumul : 39779]
2026-05-15 18:15:20 | INFO     |   1901 - Photo Maman//1901 - Photo Maman/Corse      9 photo(s)  [cumul : 39788]
2026-05-15 18:15:20 | INFO     |   1901 - Photo Maman//1901 - Photo Maman/Dune d     2 photo(s)  [cumul : 39790]
2026-05-15 18:15:20 | INFO     |   1901 - Photo Maman//1901 - Photo Maman/Famill    11 photo(s)  [cumul : 39801]
2026-05-15 18:15:21 | INFO     |   1901 - Photo Maman//1901 - Photo Maman/Famill    99 photo(s)  [cumul : 39900]
2026-05-15 18:15:21 | INFO     |   1901 - Photo Maman//1901 - Photo Maman/famill     3 photo(s)  [cumul : 39903]
2026-05-15 18:15:21 | INFO     |   1901 - Photo Maman//1901 - Photo Maman/Famill    48 photo(s)  [cumul : 39951]
2026-05-15 18:15:21 | INFO     |   1901 - Photo Maman//1901 - Photo Maman/Famill     3 photo(s)  [cumul : 39954]
2026-05-15 18:15:22 | INFO     |   1901 - Photo Maman//1901 - Photo Maman/famill    13 photo(s)  [cumul : 39967]
2026-05-15 18:15:22 | INFO     |   1901 - Photo Maman//1901 - Photo Maman/Fort d    53 photo(s)  [cumul : 40020]
2026-05-15 18:15:22 | INFO     |   1901 - Photo Maman//1901 - Photo Maman/Gietta    11 photo(s)  [cumul : 40031]
2026-05-15 18:15:22 | INFO     |   1901 - Photo Maman//1901 - Photo Maman/Guadel     1 photo(s)  [cumul : 40032]
2026-05-15 18:15:22 | INFO     |   1901 - Photo Maman//1901 - Photo Maman/joel k     8 photo(s)  [cumul : 40040]
2026-05-15 18:15:22 | INFO     |   1901 - Photo Maman//1901 - Photo Maman/joél ;     3 photo(s)  [cumul : 40043]
2026-05-15 18:15:23 | INFO     |   1901 - Photo Maman//1901 - Photo Maman/Joël,     20 photo(s)  [cumul : 40063]
2026-05-15 18:15:23 | INFO     |   1901 - Photo Maman//1901 - Photo Maman/Juin 2    37 photo(s)  [cumul : 40100]
2026-05-15 18:15:23 | INFO     |   1901 - Photo Maman//1901 - Photo Maman/Major     24 photo(s)  [cumul : 40124]
2026-05-15 18:15:23 | INFO     |   1901 - Photo Maman//1901 - Photo Maman/Mars 2     5 photo(s)  [cumul : 40129]
2026-05-15 18:15:23 | INFO     |   1901 - Photo Maman//1901 - Photo Maman/Mont S    24 photo(s)  [cumul : 40153]
2026-05-15 18:15:23 | INFO     |   1901 - Photo Maman//1901 - Photo Maman/Noel 2    29 photo(s)  [cumul : 40182]
2026-05-15 18:15:23 | INFO     |   1901 - Photo Maman//1901 - Photo Maman/Noël 0    41 photo(s)  [cumul : 40223]
2026-05-15 18:15:23 | INFO     |   1901 - Photo Maman//1901 - Photo Maman/Noël 2    21 photo(s)  [cumul : 40244]
2026-05-15 18:15:24 | INFO     |   1901 - Photo Maman//1901 - Photo Maman/Pacque    24 photo(s)  [cumul : 40268]
2026-05-15 18:15:24 | INFO     |   1901 - Photo Maman//1901 - Photo Maman/Photos     1 photo(s)  [cumul : 40269]
2026-05-15 18:15:24 | INFO     |   1901 - Photo Maman//1901 - Photo Maman/Photos     6 photo(s)  [cumul : 40275]
2026-05-15 18:15:24 | INFO     |   1901 - Photo Maman//1901 - Photo Maman/pour e     4 photo(s)  [cumul : 40279]
2026-05-15 18:15:24 | INFO     |   1901 - Photo Maman//1901 - Photo Maman/Ramatu     5 photo(s)  [cumul : 40284]
2026-05-15 18:15:24 | INFO     |   1901 - Photo Maman//1901 - Photo Maman/Simon      7 photo(s)  [cumul : 40291]
2026-05-15 18:15:24 | INFO     |   1901 - Photo Maman//1901 - Photo Maman/st pal     1 photo(s)  [cumul : 40292]
2026-05-15 18:15:25 | INFO     |   1901 - Photo Maman//1901 - Photo Maman/Suisse     3 photo(s)  [cumul : 40295]
2026-05-15 18:15:25 | INFO     |   1901 - Photo Maman//1901 - Photo Maman/Vacanc     7 photo(s)  [cumul : 40302]
2026-05-15 18:15:25 | INFO     |   1901 - Photo Maman//1901 - Photo Maman/Vacanc    12 photo(s)  [cumul : 40314]
2026-05-15 18:15:25 | INFO     |   1901 - Photo Maman//1901 - Photo Maman/Yves//    31 photo(s)  [cumul : 40345]
2026-05-15 18:15:25 | INFO     |   1901 - Photo Maman//1901 - Photo Maman/Yves 2    13 photo(s)  [cumul : 40358]
2026-05-15 18:15:25 | INFO     |   199001 - Candice//199001 - Candice/2005 02//1     5 photo(s)  [cumul : 40363]
2026-05-15 18:15:25 | INFO     |   199001 - Candice//199001 - Candice/2005 04//1    70 photo(s)  [cumul : 40433]
2026-05-15 18:15:25 | INFO     |   199001 - Candice//199001 - Candice/PHOTOS//19    44 photo(s)  [cumul : 40477]
2026-05-15 18:15:26 | INFO     |   199001 - Candice//199001 - Candice/PHOTOS//19    85 photo(s)  [cumul : 40562]
2026-05-15 18:15:26 | INFO     |   199001 - Candice//199001 - Candice/PHOTOS//19    26 photo(s)  [cumul : 40588]
2026-05-15 18:15:27 | INFO     |   199001 - Candice//199001 - Candice/Yves Noel     13 photo(s)  [cumul : 40601]
2026-05-15 18:15:27 | INFO     |   199001 - Candice//199001 - Candice/Yves Noel     14 photo(s)  [cumul : 40615]
2026-05-15 18:15:27 | INFO     |   200910 - Yves et Candice//200910 - Yves et Ca    29 photo(s)  [cumul : 40644]
2026-05-15 18:15:27 | INFO     |   201812-3//201812-3/201908//201812-3/201908/20     6 photo(s)  [cumul : 40650]
2026-05-15 18:15:28 | INFO     |   201812-3//201812-3/201908//201812-3/201908/20     9 photo(s)  [cumul : 40659]
2026-05-15 18:15:28 | INFO     |   201812-3//201812-3/201908//201812-3/201908/20     6 photo(s)  [cumul : 40665]
2026-05-15 18:15:28 | INFO     |   201812-3//201812-3/201908//201812-3/201908/20    11 photo(s)  [cumul : 40676]
2026-05-15 18:15:28 | INFO     |   201812-3//201812-3/201908//201812-3/201908/20    16 photo(s)  [cumul : 40692]
2026-05-15 18:15:28 | INFO     |   201812-3//201812-3/201908//201812-3/201908/20    15 photo(s)  [cumul : 40707]
2026-05-15 18:15:28 | INFO     |   201812-3//201812-3/201908//201812-3/201908/20    21 photo(s)  [cumul : 40728]
2026-05-15 18:15:28 | INFO     |   201812-3//201812-3/201908//201812-3/201908/20    59 photo(s)  [cumul : 40787]
2026-05-15 18:15:29 | INFO     |   201812-3//201812-3/201908//201812-3/201908/20    35 photo(s)  [cumul : 40822]
2026-05-15 18:15:29 | INFO     |   201812-3//201812-3/201908//201812-3/201908/20     2 photo(s)  [cumul : 40824]
2026-05-15 18:15:29 | INFO     |   201812-3//201812-3/201908//201812-3/201908/20     8 photo(s)  [cumul : 40832]
2026-05-15 18:15:29 | INFO     |   201812-3//201812-3/201908//201812-3/201908/20   129 photo(s)  [cumul : 40961]
2026-05-15 18:15:29 | INFO     |   201812-3//201812-3/201908//201812-3/201908/20     6 photo(s)  [cumul : 40967]
2026-05-15 18:15:29 | INFO     |   201812-3//201812-3/201908//201812-3/201908/20     3 photo(s)  [cumul : 40970]
2026-05-15 18:15:29 | INFO     |   201812-3//201812-3/201908//201812-3/201908/20     7 photo(s)  [cumul : 40977]
2026-05-15 18:15:29 | INFO     |   201812-3//201812-3/201908//201812-3/201908/20    26 photo(s)  [cumul : 41003]
2026-05-15 18:15:29 | INFO     |   201812-3//201812-3/201908//201812-3/201908/20     6 photo(s)  [cumul : 41009]
2026-05-15 18:15:30 | INFO     |   201812-3//201812-3/201908//201812-3/201908/20    10 photo(s)  [cumul : 41019]
2026-05-15 18:15:30 | INFO     |   201812-3//201812-3/201908//201812-3/201908/20    28 photo(s)  [cumul : 41047]
2026-05-15 18:15:30 | INFO     |   201812-3//201812-3/201908//201812-3/201908/20    55 photo(s)  [cumul : 41102]
2026-05-15 18:15:30 | INFO     |   201812-3//201812-3/201908//201812-3/201908/20    37 photo(s)  [cumul : 41139]
2026-05-15 18:15:30 | INFO     |   201812-3//201812-3/201908//201812-3/201908/20     2 photo(s)  [cumul : 41141]
2026-05-15 18:15:30 | INFO     |   201812-3//201812-3/201908//201812-3/201908/20    27 photo(s)  [cumul : 41168]
2026-05-15 18:15:30 | INFO     |   201812-3//201812-3/201908//201812-3/201908/20    32 photo(s)  [cumul : 41200]
2026-05-15 18:15:30 | INFO     |   201812-3//201812-3/201908//201812-3/201908/20    51 photo(s)  [cumul : 41251]
2026-05-15 18:15:30 | INFO     |   201812-3//201812-3/201908//201812-3/201908/20    18 photo(s)  [cumul : 41269]
2026-05-15 18:15:30 | INFO     |   201812-3//201812-3/201908//201812-3/201908/20    60 photo(s)  [cumul : 41329]
2026-05-15 18:15:31 | INFO     |   201812-3//201812-3/201908//201812-3/201908/20     6 photo(s)  [cumul : 41335]
2026-05-15 18:15:31 | INFO     |   201812-3//201812-3/201908//201812-3/201908/20    20 photo(s)  [cumul : 41355]
2026-05-15 18:15:31 | INFO     |   201812-3//201812-3/201908//201812-3/201908/20    43 photo(s)  [cumul : 41398]
2026-05-15 18:15:31 | INFO     |   201812-3//201812-3/201908//201812-3/201908/20    36 photo(s)  [cumul : 41434]
2026-05-15 18:15:31 | INFO     |   201812-3//201812-3/201908//201812-3/201908/20    18 photo(s)  [cumul : 41452]
2026-05-15 18:15:31 | INFO     |   201812-3//201812-3/201908//201812-3/201908/20    68 photo(s)  [cumul : 41520]
2026-05-15 18:15:31 | INFO     |   201812-3//201812-3/201908//201812-3/201908/20    22 photo(s)  [cumul : 41542]
2026-05-15 18:15:31 | INFO     |   201812-3//201812-3/201908//201812-3/201908/20    27 photo(s)  [cumul : 41569]
2026-05-15 18:15:31 | INFO     |   201812-3//201812-3/201908//201812-3/201908/20    39 photo(s)  [cumul : 41608]
2026-05-15 18:15:31 | INFO     |   201812-3//201812-3/201908//201812-3/201908/20    36 photo(s)  [cumul : 41644]
2026-05-15 18:15:32 | INFO     |   201812-3//201812-3/201908//201812-3/201908/20    60 photo(s)  [cumul : 41704]
2026-05-15 18:15:32 | INFO     |   201812-3//201812-3/201908//201812-3/201908/20    49 photo(s)  [cumul : 41753]
2026-05-15 18:15:32 | INFO     |   201812-3//201812-3/201908//201812-3/201908/20    77 photo(s)  [cumul : 41830]
2026-05-15 18:15:32 | INFO     |   201812-3//201812-3/201908//201812-3/201908/20    97 photo(s)  [cumul : 41927]
2026-05-15 18:15:32 | INFO     |   201812-3//201812-3/201908//201812-3/201908/20    36 photo(s)  [cumul : 41963]
2026-05-15 18:15:32 | INFO     |   201812-3//201812-3/201908//201812-3/201908/No    61 photo(s)  [cumul : 42024]
2026-05-15 18:15:32 | INFO     |   202306 - CM2 - Lou-Anne//202306 - CM2 - Lou-A    11 photo(s)  [cumul : 42035]
2026-05-15 18:15:32 | INFO     |   202306 - CM2 - Lou-Anne//202306 - CM2 - Lou-A    33 photo(s)  [cumul : 42068]
2026-05-15 18:15:33 | INFO     |   202306 - CM2 - Lou-Anne//202306 - CM2 - Lou-A   174 photo(s)  [cumul : 42242]
2026-05-15 18:15:33 | INFO     |   202306 - CM2 - Lou-Anne//202306 - CM2 - Lou-A    49 photo(s)  [cumul : 42291]
2026-05-15 18:15:33 | INFO     |   202306 - CM2 - Lou-Anne//202306 - CM2 - Lou-A    15 photo(s)  [cumul : 42306]
2026-05-15 18:15:33 | INFO     |   202306 - CM2 - Lou-Anne//202306 - CM2 - Lou-A    50 photo(s)  [cumul : 42356]
2026-05-15 18:15:34 | INFO     |   202306 - CM2 - Lou-Anne//202306 - CM2 - Lou-A    82 photo(s)  [cumul : 42438]
2026-05-15 18:15:34 | INFO     |   iphone Yves//iphone Yves/2006//iphone Yves/20     1 photo(s)  [cumul : 42439]
2026-05-15 18:15:34 | INFO     |   iphone Yves//iphone Yves/2020//iphone Yves/20     1 photo(s)  [cumul : 42440]
2026-05-15 18:15:34 | INFO     |   iphone Yves//iphone Yves/2023//iphone Yves/20    54 photo(s)  [cumul : 42494]
2026-05-15 18:15:35 | INFO     |   iphone Yves//iphone Yves/2023//iphone Yves/20   225 photo(s)  [cumul : 42719]
2026-05-15 18:15:36 | INFO     |   iphone Yves//iphone Yves/2023//iphone Yves/20   421 photo(s)  [cumul : 43140]
2026-05-15 18:15:36 | INFO     |   iphone Yves//iphone Yves/2023//iphone Yves/20   363 photo(s)  [cumul : 43503]
2026-05-15 18:15:37 | INFO     |   iphone Yves//iphone Yves/2023//iphone Yves/20   214 photo(s)  [cumul : 43717]
2026-05-15 18:15:37 | INFO     |   iphone Yves//iphone Yves/2023//iphone Yves/20   201 photo(s)  [cumul : 43918]
2026-05-15 18:15:37 | INFO     |   iphone Yves//iphone Yves/2023//iphone Yves/20   191 photo(s)  [cumul : 44109]
2026-05-15 18:15:38 | INFO     |   Video - Perso//Video - Perso/Iphone Candice//     4 photo(s)  [cumul : 44113]
2026-05-15 18:15:38 | INFO     |   Video - Perso//Video - Perso/Iphone Candice//    35 photo(s)  [cumul : 44148]
2026-05-15 18:15:38 | INFO     |   199001 - Candice//199001 - Candice/2005 04//1     2 photo(s)  [cumul : 44150]
2026-05-15 18:15:38 | INFO     |   199001 - Candice//199001 - Candice/Yves Noel     13 photo(s)  [cumul : 44163]
2026-05-15 18:15:38 | INFO     |   199001 - Candice//199001 - Candice/Yves Noel     14 photo(s)  [cumul : 44177]
2026-05-15 18:15:38 | INFO     |   201812-3//201812-3/201908//201812-3/201908/20    50 photo(s)  [cumul : 44227]
2026-05-15 18:15:39 | INFO     |   201812-3//201812-3/201908//201812-3/201908/20     4 photo(s)  [cumul : 44231]
2026-05-15 18:15:39 | INFO     |   202306 - CM2 - Lou-Anne//202306 - CM2 - Lou-A   206 photo(s)  [cumul : 44437]
2026-05-15 18:15:39 | INFO     |   202306 - CM2 - Lou-Anne//202306 - CM2 - Lou-A    30 photo(s)  [cumul : 44467]
2026-05-15 18:15:39 | INFO     |   202306 - CM2 - Lou-Anne//202306 - CM2 - Lou-A    18 photo(s)  [cumul : 44485]
2026-05-15 18:15:39 | INFO     |   199001 - Candice//199001 - Candice/Photos d'i    14 photo(s)  [cumul : 44499]
2026-05-15 18:15:40 | INFO     | Cache sauvegardé → C:\Users\voone\Claude\Album\cache\index.json (44499 photos)
2026-05-15 18:15:40 | INFO     | Index terminé : 44499 photos indexées
2026-05-15 18:15:41 | INFO     | Session fermée
2026-05-15 18:29:16 | INFO     | ══════════════════════════════════════════════════
2026-05-15 18:29:16 | INFO     | Lancement — Friday 15 May 2026
2026-05-15 18:29:16 | INFO     | MODE DRY-RUN — aucune modification sur le NAS
2026-05-15 18:29:16 | INFO     | Mode DRY-RUN activé — aucune modification ne sera faite sur le NAS
2026-05-15 18:29:16 | DEBUG    | Connexion directe (locale) : http://192.168.1.142:5000
2026-05-15 18:29:16 | DEBUG    | AUTH login → http://192.168.1.142:5000/photo/webapi/auth.cgi
2026-05-15 18:29:19 | INFO     | Connecté au NAS (compte : robot, url : http://192.168.1.142:5000)
2026-05-15 18:29:19 | DEBUG    | Cache valide (âge : 0.2h)
2026-05-15 18:29:19 | INFO     | Index chargé depuis le cache : 44499 photos (généré le 2026-05-15T18:15:39)
2026-05-15 18:29:19 | INFO     | Index prêt : 44499 photos disponibles
2026-05-15 18:29:19 | INFO     | Thème du jour : anniversary  (jour 135, rotation ['anniversary', 'season', 'random'])
2026-05-15 18:29:19 | INFO     | AnniversaryTheme : 30 photo(s) depuis 2023
2026-05-15 18:29:19 | INFO     | Préparation de l'album : « Album du jour — Il y a 3 ans aujourd'hui — 2026-05-15 »
2026-05-15 18:29:19 | INFO     | Photos à ajouter : 30 (thème : anniversary)
2026-05-15 18:29:19 | INFO     | [DRY-RUN] Créerait l'album : « Album du jour — Il y a 3 ans aujourd'hui — 2026-05-15 »
2026-05-15 18:29:19 | INFO     | [DRY-RUN] Ajouterait 30 photos à l'album id=-1
2026-05-15 18:29:19 | INFO     | [DRY-RUN] Partagerait l'album id=-1 → http://192.168.1.142:5000/photo/mo/sharing/DRY_RUN_ID
2026-05-15 18:29:19 | DEBUG    | item_ids ajoutés (30) : 176823, 176825, 176826, 176827, 176829, 176831, 176832, 176835, 176836, 176842 … (+20 autres)
2026-05-15 18:29:19 | INFO     | URL de l'album : http://192.168.1.142:5000/photo/mo/sharing/DRY_RUN_ID
2026-05-15 18:29:19 | DEBUG    | AUTH logout
2026-05-15 18:29:20 | INFO     | Session fermée
2026-05-15 18:30:47 | INFO     | ══════════════════════════════════════════════════
2026-05-15 18:30:47 | INFO     | Lancement — Friday 15 May 2026
2026-05-15 18:30:47 | DEBUG    | Connexion directe (locale) : http://192.168.1.142:5000
2026-05-15 18:30:47 | DEBUG    | AUTH login → http://192.168.1.142:5000/photo/webapi/auth.cgi
2026-05-15 18:30:48 | INFO     | Connecté au NAS (compte : robot, url : http://192.168.1.142:5000)
2026-05-15 18:30:48 | DEBUG    | Cache valide (âge : 0.3h)
2026-05-15 18:30:48 | INFO     | Index chargé depuis le cache : 44499 photos (généré le 2026-05-15T18:15:39)
2026-05-15 18:30:48 | INFO     | Index prêt : 44499 photos disponibles
2026-05-15 18:30:48 | INFO     | Thème forcé : random
2026-05-15 18:30:48 | INFO     | RandomTheme : 30 photo(s) sélectionnée(s)
2026-05-15 18:30:48 | INFO     | Préparation de l'album : « Album du jour — Sélection du jour — 2026-05-15 »
2026-05-15 18:30:48 | INFO     | Photos à ajouter : 30 (thème : random)
2026-05-15 18:30:48 | DEBUG    | → SYNO.FotoTeam.Browse.Album.create  {"name": "Album du jour — Sélection du jour — 2026-05-15"}
2026-05-15 18:30:48 | DEBUG    | AUTH logout
2026-05-15 18:30:49 | INFO     | Session fermée
2026-05-15 18:30:49 | ERROR    | Erreur API Synology : Erreur API SYNO.FotoTeam.Browse.Album.create : API introuvable (vérifiez le namespace SYNO.FotoTeam.*)
2026-05-15 18:33:58 | INFO     | ══════════════════════════════════════════════════
2026-05-15 18:33:58 | INFO     | Lancement — Friday 15 May 2026
2026-05-15 18:33:58 | DEBUG    | Connexion directe (locale) : http://192.168.1.142:5000
2026-05-15 18:33:58 | DEBUG    | AUTH login → http://192.168.1.142:5000/photo/webapi/auth.cgi
2026-05-15 18:34:00 | INFO     | Connecté au NAS (compte : robot, url : http://192.168.1.142:5000)
2026-05-15 18:34:00 | DEBUG    | Cache valide (âge : 0.3h)
2026-05-15 18:34:00 | INFO     | Index chargé depuis le cache : 44499 photos (généré le 2026-05-15T18:15:39)
2026-05-15 18:34:00 | INFO     | Index prêt : 44499 photos disponibles
2026-05-15 18:34:00 | INFO     | Thème forcé : random
2026-05-15 18:34:00 | INFO     | RandomTheme : 30 photo(s) sélectionnée(s)
2026-05-15 18:34:00 | INFO     | Préparation de l'album : « Album du jour — Sélection du jour — 2026-05-15 »
2026-05-15 18:34:00 | INFO     | Photos à ajouter : 30 (thème : random)
2026-05-15 18:34:00 | DEBUG    | → SYNO.Foto.Browse.Album.create  {"name": "Album du jour — Sélection du jour — 2026-05-15"}
2026-05-15 18:34:00 | DEBUG    | AUTH logout
2026-05-15 18:34:01 | INFO     | Session fermée
2026-05-15 18:34:01 | ERROR    | Erreur API Synology : Erreur API SYNO.Foto.Browse.Album.create : code 103
2026-05-15 18:35:45 | INFO     | ══════════════════════════════════════════════════
2026-05-15 18:35:45 | INFO     | Lancement — Friday 15 May 2026
2026-05-15 18:35:45 | DEBUG    | Connexion directe (locale) : http://192.168.1.142:5000
2026-05-15 18:35:45 | DEBUG    | AUTH login → http://192.168.1.142:5000/photo/webapi/auth.cgi
2026-05-15 18:35:47 | INFO     | Connecté au NAS (compte : robot, url : http://192.168.1.142:5000)
2026-05-15 18:35:47 | DEBUG    | Cache valide (âge : 0.3h)
2026-05-15 18:35:47 | INFO     | Index chargé depuis le cache : 44499 photos (généré le 2026-05-15T18:15:39)
2026-05-15 18:35:47 | INFO     | Index prêt : 44499 photos disponibles
2026-05-15 18:35:47 | INFO     | Thème forcé : random
2026-05-15 18:35:47 | INFO     | RandomTheme : 30 photo(s) sélectionnée(s)
2026-05-15 18:35:47 | INFO     | Préparation de l'album : « Album du jour — Sélection du jour — 2026-05-15 »
2026-05-15 18:35:47 | INFO     | Photos à ajouter : 30 (thème : random)
2026-05-15 18:35:47 | DEBUG    | → SYNO.Foto.Browse.Album.create  {"name": "Album du jour — Sélection du jour — 2026-05-15"}
2026-05-15 18:35:47 | DEBUG    | AUTH logout
2026-05-15 18:35:47 | INFO     | Session fermée
2026-05-15 18:35:47 | ERROR    | Erreur API Synology : Erreur API SYNO.Foto.Browse.Album.create : code 103
2026-05-15 18:39:46 | INFO     | ══════════════════════════════════════════════════
2026-05-15 18:39:46 | INFO     | Lancement — Friday 15 May 2026
2026-05-15 18:39:46 | DEBUG    | Connexion directe (locale) : http://192.168.1.142:5000
2026-05-15 18:39:46 | DEBUG    | AUTH login → http://192.168.1.142:5000/photo/webapi/auth.cgi
2026-05-15 18:39:47 | INFO     | Connecté au NAS (compte : robot, url : http://192.168.1.142:5000)
2026-05-15 18:39:47 | DEBUG    | Cache valide (âge : 0.4h)
2026-05-15 18:39:47 | INFO     | Index chargé depuis le cache : 44499 photos (généré le 2026-05-15T18:15:39)
2026-05-15 18:39:47 | INFO     | Index prêt : 44499 photos disponibles
2026-05-15 18:39:47 | INFO     | Thème forcé : random
2026-05-15 18:39:47 | INFO     | RandomTheme : 30 photo(s) sélectionnée(s)
2026-05-15 18:39:47 | INFO     | Préparation de l'album : « Album du jour — Sélection du jour — 2026-05-15 »
2026-05-15 18:39:47 | INFO     | Photos à ajouter : 30 (thème : random)
2026-05-15 18:39:47 | DEBUG    | → SYNO.Foto.Browse.NormalAlbum.create  {"name": "Album du jour — Sélection du jour — 2026-05-15"}
2026-05-15 18:39:49 | INFO     | Album créé : « Album du jour — Sélection du jour — 2026-05-15 » (id=42)
2026-05-15 18:39:49 | DEBUG    | → SYNO.Foto.Browse.NormalAlbum.add_item  {"id": 42, "item": "[269867, 287490, 277530, 98914, 274948, 275468, 171506, 282139, 176511, 101034, 277548, 292800, 266212, 281268, 108688, 276398, 273295, 100365, 174959, 108251, 100374, 293874, 273669, 177039, 285737, 272744, 104351, 269387, 278706, 298983]"}
2026-05-15 18:39:52 | DEBUG    | Lot 0–30 ajouté (album id=42)
2026-05-15 18:39:52 | INFO     | 30 photos ajoutées à l'album id=42
2026-05-15 18:39:52 | DEBUG    | → SYNO.Foto.Sharing.Passphrase.create  {"album_id": 42, "album_type": "normal"}
2026-05-15 18:39:52 | DEBUG    | AUTH logout
2026-05-15 18:39:52 | INFO     | Session fermée
2026-05-15 18:39:52 | ERROR    | Erreur API Synology : Erreur API SYNO.Foto.Sharing.Passphrase.create : code 103
2026-05-15 18:47:50 | INFO     | ══════════════════════════════════════════════════
2026-05-15 18:47:50 | INFO     | Lancement — Friday 15 May 2026
2026-05-15 18:47:50 | DEBUG    | Connexion directe (locale) : http://192.168.1.142:5000
2026-05-15 18:47:50 | DEBUG    | AUTH login → http://192.168.1.142:5000/photo/webapi/auth.cgi
2026-05-15 18:47:51 | INFO     | Connecté au NAS (compte : robot, url : http://192.168.1.142:5000)
2026-05-15 18:47:51 | DEBUG    | Cache valide (âge : 0.5h)
2026-05-15 18:47:51 | INFO     | Index chargé depuis le cache : 44499 photos (généré le 2026-05-15T18:15:39)
2026-05-15 18:47:51 | INFO     | Index prêt : 44499 photos disponibles
2026-05-15 18:47:51 | INFO     | Thème forcé : random
2026-05-15 18:47:51 | INFO     | RandomTheme : 30 photo(s) sélectionnée(s)
2026-05-15 18:47:51 | INFO     | Préparation de l'album : « Album du jour — Sélection du jour — 2026-05-15 »
2026-05-15 18:47:51 | INFO     | Photos à ajouter : 30 (thème : random)
2026-05-15 18:47:51 | DEBUG    | → SYNO.Foto.Browse.NormalAlbum.create  {"name": "Album du jour — Sélection du jour — 2026-05-15", "shared": "true"}
2026-05-15 18:47:51 | INFO     | Album créé : « Album du jour — Sélection du jour — 2026-05-15 » (id=44, passphrase=jl8FDM7Yf)
2026-05-15 18:47:51 | DEBUG    | → SYNO.Foto.Browse.NormalAlbum.add_item  {"id": 44, "item": "[96236, 174562, 103221, 285995, 177560, 109037, 108248, 105332, 174969, 279361, 119077, 173701, 177586, 97665, 103936, 271372, 270268, 99956, 274360, 108815, 173123, 106638, 118510, 107818, 100887, 107510, 276644, 98988, 186691, 172761]"}
2026-05-15 18:47:53 | DEBUG    | Lot 0–30 ajouté (album id=44)
2026-05-15 18:47:53 | INFO     | 30 photos ajoutées à l'album id=44
2026-05-15 18:47:53 | INFO     | Album partagé : http://192.168.1.142:5000/photo/mo/sharing/jl8FDM7Yf
2026-05-15 18:47:53 | DEBUG    | item_ids ajoutés (30) : 96236, 174562, 103221, 285995, 177560, 109037, 108248, 105332, 174969, 279361 … (+20 autres)
2026-05-15 18:47:53 | INFO     | URL de l'album : http://192.168.1.142:5000/photo/mo/sharing/jl8FDM7Yf
2026-05-15 18:47:53 | DEBUG    | AUTH logout
2026-05-15 18:47:54 | INFO     | Session fermée
2026-05-15 18:55:41 | INFO     | ══════════════════════════════════════════════════
2026-05-15 18:55:41 | INFO     | Lancement — Friday 15 May 2026
2026-05-15 18:55:41 | DEBUG    | Connexion directe (locale) : http://192.168.1.142:5000
2026-05-15 18:55:41 | DEBUG    | AUTH login → http://192.168.1.142:5000/photo/webapi/auth.cgi
2026-05-15 18:55:43 | INFO     | Connecté au NAS (compte : robot, url : http://192.168.1.142:5000)
2026-05-15 18:55:43 | DEBUG    | Cache valide (âge : 0.7h)
2026-05-15 18:55:43 | INFO     | Index chargé depuis le cache : 44499 photos (généré le 2026-05-15T18:15:39)
2026-05-15 18:55:43 | INFO     | Index prêt : 44499 photos disponibles
2026-05-15 18:55:43 | INFO     | Thème forcé : random
2026-05-15 18:55:43 | INFO     | RandomTheme : 30 photo(s) sélectionnée(s)
2026-05-15 18:55:43 | INFO     | Préparation de l'album : « Album du jour — Sélection du jour — 2026-05-15 »
2026-05-15 18:55:43 | INFO     | Photos à ajouter : 30 (thème : random)
2026-05-15 18:55:43 | DEBUG    | → SYNO.Foto.Browse.NormalAlbum.create  {"name": "Album du jour — Sélection du jour — 2026-05-15", "shared": "true"}
2026-05-15 18:55:44 | INFO     | Album créé : « Album du jour — Sélection du jour — 2026-05-15 » (id=46, passphrase=RNPWcYf4e)
2026-05-15 18:55:44 | DEBUG    | → SYNO.Foto.Browse.NormalAlbum.add_item  {"id": 46, "item": "[102391, 285019, 108163, 102069, 284824, 174147, 98089, 278940, 292463, 285134, 271189, 293558, 298814, 101407, 274816, 176266, 272519, 99458, 174823, 99104, 280737, 278518, 97325, 98552, 276022, 100310, 101282, 103041, 285544, 171222]"}
2026-05-15 18:55:46 | DEBUG    | Lot 0–30 ajouté (album id=46)
2026-05-15 18:55:46 | INFO     | 30 photos ajoutées à l'album id=46
2026-05-15 18:55:46 | DEBUG    | → SYNO.Foto.Sharing.Passphrase.update  {"passphrase": "RNPWcYf4e"}
2026-05-15 18:55:46 | INFO     | Album partagé : http://192.168.1.142:5000/photo/mo/sharing/RNPWcYf4e
2026-05-15 18:55:46 | DEBUG    | item_ids ajoutés (30) : 102391, 285019, 108163, 102069, 284824, 174147, 98089, 278940, 292463, 285134 … (+20 autres)
2026-05-15 18:55:46 | INFO     | URL de l'album : http://192.168.1.142:5000/photo/mo/sharing/RNPWcYf4e
2026-05-15 18:55:46 | DEBUG    | AUTH logout
2026-05-15 18:55:47 | INFO     | Session fermée
2026-05-15 18:56:48 | INFO     | ══════════════════════════════════════════════════
2026-05-15 18:56:48 | INFO     | Lancement — Friday 15 May 2026
2026-05-15 18:56:48 | DEBUG    | Connexion directe (locale) : http://192.168.1.142:5000
2026-05-15 18:56:48 | DEBUG    | AUTH login → http://192.168.1.142:5000/photo/webapi/auth.cgi
2026-05-15 18:56:49 | INFO     | Connecté au NAS (compte : robot, url : http://192.168.1.142:5000)
2026-05-15 18:56:50 | DEBUG    | Cache valide (âge : 0.7h)
2026-05-15 18:56:50 | INFO     | Index chargé depuis le cache : 44499 photos (généré le 2026-05-15T18:15:39)
2026-05-15 18:56:50 | INFO     | Index prêt : 44499 photos disponibles
2026-05-15 18:56:50 | INFO     | Thème forcé : random
2026-05-15 18:56:50 | INFO     | RandomTheme : 30 photo(s) sélectionnée(s)
2026-05-15 18:56:50 | INFO     | Préparation de l'album : « Album du jour — Sélection du jour — 2026-05-15 »
2026-05-15 18:56:50 | INFO     | Photos à ajouter : 30 (thème : random)
2026-05-15 18:56:50 | DEBUG    | → SYNO.Foto.Browse.NormalAlbum.create  {"name": "Album du jour — Sélection du jour — 2026-05-15", "shared": "true"}
2026-05-15 18:56:50 | INFO     | Album créé : « Album du jour — Sélection du jour — 2026-05-15 » (id=47, passphrase=iu9swjkCq)
2026-05-15 18:56:50 | DEBUG    | → SYNO.Foto.Browse.NormalAlbum.add_item  {"id": 47, "item": "[108842, 293346, 179401, 267630, 270616, 102239, 279702, 172574, 104932, 102487, 294127, 96480, 105064, 99905, 294202, 293515, 177571, 98719, 108674, 172142, 281827, 101268, 107116, 100521, 172688, 269653, 100294, 105410, 277611, 172295]"}
2026-05-15 18:56:52 | DEBUG    | Lot 0–30 ajouté (album id=47)
2026-05-15 18:56:52 | INFO     | 30 photos ajoutées à l'album id=47
2026-05-15 18:56:52 | DEBUG    | → SYNO.Foto.Sharing.Passphrase.update  {"passphrase": "iu9swjkCq"}
2026-05-15 18:56:52 | INFO     | Album partagé : http://192.168.1.142:5000/photo/mo/sharing/iu9swjkCq
2026-05-15 18:56:52 | DEBUG    | item_ids ajoutés (30) : 108842, 293346, 179401, 267630, 270616, 102239, 279702, 172574, 104932, 102487 … (+20 autres)
2026-05-15 18:56:52 | INFO     | URL de l'album : http://192.168.1.142:5000/photo/mo/sharing/iu9swjkCq
2026-05-15 18:56:52 | DEBUG    | AUTH logout
2026-05-15 18:56:53 | INFO     | Session fermée
2026-05-15 19:06:50 | INFO     | ══════════════════════════════════════════════════
2026-05-15 19:06:50 | INFO     | Lancement — Friday 15 May 2026
2026-05-15 19:06:50 | INFO     | MODE DRY-RUN — aucune modification sur le NAS
2026-05-15 19:06:50 | INFO     | Mode DRY-RUN activé — aucune modification ne sera faite sur le NAS
2026-05-15 19:06:50 | DEBUG    | Connexion directe (locale) : http://192.168.1.142:5000
2026-05-15 19:06:50 | DEBUG    | AUTH login → http://192.168.1.142:5000/photo/webapi/auth.cgi
2026-05-15 19:06:54 | INFO     | Connecté au NAS (compte : robot, url : http://192.168.1.142:5000)
2026-05-15 19:06:54 | INFO     | Chemins exclus de l'index : ['19*', 'VHS*']
2026-05-15 19:06:54 | INFO     | Reconstruction forcée de l'index (--rebuild-index)
2026-05-15 19:06:54 | INFO     | Reconstruction de l'index en cours…
2026-05-15 19:06:54 | DEBUG    | → SYNO.FotoTeam.Browse.Folder.list_parents  {}
2026-05-15 19:06:55 | INFO     | Dossier exclu (config) : 1901 - Photo Maman
2026-05-15 19:06:55 | INFO     | Dossier exclu (config) : 1990 - Photos Auménancourt
2026-05-15 19:06:55 | INFO     | Dossier exclu (config) : 198000 - Gacoin
2026-05-15 19:06:55 | INFO     | Dossier exclu (config) : 199000 - Diapositives Auménancourt
2026-05-15 19:06:55 | INFO     | Dossier exclu (config) : 199000 Candice
2026-05-15 19:06:55 | INFO     | Dossier exclu (config) : 199001 - Candice
2026-05-15 19:06:55 | INFO     | Dossier exclu (config) : 199002 - Copains
2026-05-15 19:06:55 | INFO     | Dossier exclu (config) : 199901
2026-05-15 19:06:55 | INFO     | Dossier exclu (config) : VHS Auménancourt
2026-05-15 19:06:55 | INFO     | Dossier exclu (config) : VHS Candice
2026-05-15 19:06:55 | DEBUG    | → SYNO.FotoTeam.Browse.Folder.list  {"id": 1, "offset": 0, "limit": 500}
2026-05-15 19:06:55 | INFO     | Dossier exclu (config) : 1901 - Photo Maman
2026-05-15 19:06:55 | INFO     | Dossier exclu (config) : 1990 - Photos Auménancourt
2026-05-15 19:06:55 | INFO     | Dossier exclu (config) : 198000 - Gacoin
2026-05-15 19:06:55 | INFO     | Dossier exclu (config) : 199000 - Diapositives Auménancourt
2026-05-15 19:06:55 | INFO     | Dossier exclu (config) : 199000 Candice
2026-05-15 19:06:55 | INFO     | Dossier exclu (config) : 199001 - Candice
2026-05-15 19:06:55 | INFO     | Dossier exclu (config) : 199002 - Copains
2026-05-15 19:06:55 | INFO     | Dossier exclu (config) : 199901
2026-05-15 19:06:55 | INFO     | Dossier exclu (config) : VHS Auménancourt
2026-05-15 19:06:55 | INFO     | Dossier exclu (config) : VHS Candice
2026-05-15 19:06:55 | DEBUG    | → SYNO.FotoTeam.Browse.Folder.list  {"id": 2917, "offset": 0, "limit": 500}
2026-05-15 19:06:55 | DEBUG    | → SYNO.FotoTeam.Browse.Folder.list  {"id": 1096, "offset": 0, "limit": 500}
2026-05-15 19:06:55 | DEBUG    | → SYNO.FotoTeam.Browse.Folder.list  {"id": 1231, "offset": 0, "limit": 500}
2026-05-15 19:06:55 | DEBUG    | → SYNO.FotoTeam.Browse.Folder.list  {"id": 1229, "offset": 0, "limit": 500}
2026-05-15 19:06:55 | DEBUG    | → SYNO.FotoTeam.Browse.Folder.list  {"id": 1255, "offset": 0, "limit": 500}
2026-05-15 19:06:55 | DEBUG    | → SYNO.FotoTeam.Browse.Folder.list  {"id": 1253, "offset": 0, "limit": 500}
2026-05-15 19:06:55 | DEBUG    | → SYNO.FotoTeam.Browse.Folder.list  {"id": 1247, "offset": 0, "limit": 500}
2026-05-15 19:06:55 | DEBUG    | → SYNO.FotoTeam.Browse.Folder.list  {"id": 1272, "offset": 0, "limit": 500}
2026-05-15 19:06:56 | DEBUG    | → SYNO.FotoTeam.Browse.Folder.list  {"id": 1095, "offset": 0, "limit": 500}
2026-05-15 19:06:56 | DEBUG    | → SYNO.FotoTeam.Browse.Folder.list  {"id": 1097, "offset": 0, "limit": 500}
2026-05-15 19:06:56 | DEBUG    | → SYNO.FotoTeam.Browse.Folder.list  {"id": 1098, "offset": 0, "limit": 500}
2026-05-15 19:06:56 | DEBUG    | → SYNO.FotoTeam.Browse.Folder.list  {"id": 1099, "offset": 0, "limit": 500}
2026-05-15 19:06:56 | DEBUG    | → SYNO.FotoTeam.Browse.Folder.list  {"id": 1100, "offset": 0, "limit": 500}
2026-05-15 19:06:56 | DEBUG    | → SYNO.FotoTeam.Browse.Folder.list  {"id": 1101, "offset": 0, "limit": 500}
2026-05-15 19:06:56 | DEBUG    | → SYNO.FotoTeam.Browse.Folder.list  {"id": 1102, "offset": 0, "limit": 500}
2026-05-15 19:06:56 | DEBUG    | → SYNO.FotoTeam.Browse.Folder.list  {"id": 1103, "offset": 0, "limit": 500}
2026-05-15 19:06:56 | DEBUG    | → SYNO.FotoTeam.Browse.Folder.list  {"id": 1104, "offset": 0, "limit": 500}
2026-05-15 19:06:56 | DEBUG    | → SYNO.FotoTeam.Browse.Folder.list  {"id": 1105, "offset": 0, "limit": 500}
2026-05-15 19:06:56 | DEBUG    | → SYNO.FotoTeam.Browse.Folder.list  {"id": 1106, "offset": 0, "limit": 500}
2026-05-15 19:06:56 | DEBUG    | → SYNO.FotoTeam.Browse.Folder.list  {"id": 1107, "offset": 0, "limit": 500}
2026-05-15 19:06:57 | DEBUG    | → SYNO.FotoTeam.Browse.Folder.list  {"id": 1110, "offset": 0, "limit": 500}
2026-05-15 19:06:57 | DEBUG    | → SYNO.FotoTeam.Browse.Folder.list  {"id": 1111, "offset": 0, "limit": 500}
2026-05-15 19:06:57 | DEBUG    | → SYNO.FotoTeam.Browse.Folder.list  {"id": 1112, "offset": 0, "limit": 500}
2026-05-15 19:06:57 | DEBUG    | → SYNO.FotoTeam.Browse.Folder.list  {"id": 1113, "offset": 0, "limit": 500}
2026-05-15 19:06:57 | DEBUG    | → SYNO.FotoTeam.Browse.Folder.list  {"id": 1114, "offset": 0, "limit": 500}
2026-05-15 19:06:57 | DEBUG    | → SYNO.FotoTeam.Browse.Folder.list  {"id": 1115, "offset": 0, "limit": 500}
2026-05-15 19:06:57 | DEBUG    | → SYNO.FotoTeam.Browse.Folder.list  {"id": 1116, "offset": 0, "limit": 500}
2026-05-15 19:06:57 | DEBUG    | → SYNO.FotoTeam.Browse.Folder.list  {"id": 1117, "offset": 0, "limit": 500}
2026-05-15 19:06:57 | DEBUG    | → SYNO.FotoTeam.Browse.Folder.list  {"id": 1120, "offset": 0, "limit": 500}
2026-05-15 19:06:57 | DEBUG    | → SYNO.FotoTeam.Browse.Folder.list  {"id": 1121, "offset": 0, "limit": 500}
2026-05-15 19:06:57 | DEBUG    | → SYNO.FotoTeam.Browse.Folder.list  {"id": 1122, "offset": 0, "limit": 500}
2026-05-15 19:06:57 | DEBUG    | → SYNO.FotoTeam.Browse.Folder.list  {"id": 1123, "offset": 0, "limit": 500}
2026-05-15 19:06:57 | DEBUG    | → SYNO.FotoTeam.Browse.Folder.list  {"id": 1124, "offset": 0, "limit": 500}
2026-05-15 19:06:57 | DEBUG    | → SYNO.FotoTeam.Browse.Folder.list  {"id": 1125, "offset": 0, "limit": 500}
2026-05-15 19:06:58 | DEBUG    | → SYNO.FotoTeam.Browse.Folder.list  {"id": 1126, "offset": 0, "limit": 500}
2026-05-15 19:06:58 | DEBUG    | → SYNO.FotoTeam.Browse.Folder.list  {"id": 1127, "offset": 0, "limit": 500}
2026-05-15 19:06:58 | DEBUG    | → SYNO.FotoTeam.Browse.Folder.list  {"id": 1128, "offset": 0, "limit": 500}
2026-05-15 19:06:58 | DEBUG    | → SYNO.FotoTeam.Browse.Folder.list  {"id": 1129, "offset": 0, "limit": 500}
2026-05-15 19:06:58 | DEBUG    | → SYNO.FotoTeam.Browse.Folder.list  {"id": 1130, "offset": 0, "limit": 500}
2026-05-15 19:06:58 | DEBUG    | → SYNO.FotoTeam.Browse.Folder.list  {"id": 1131, "offset": 0, "limit": 500}
2026-05-15 19:06:58 | DEBUG    | → SYNO.FotoTeam.Browse.Folder.list  {"id": 1132, "offset": 0, "limit": 500}
2026-05-15 19:06:58 | DEBUG    | → SYNO.FotoTeam.Browse.Folder.list  {"id": 1133, "offset": 0, "limit": 500}
2026-05-15 19:06:58 | DEBUG    | → SYNO.FotoTeam.Browse.Folder.list  {"id": 1135, "offset": 0, "limit": 500}
2026-05-15 19:06:58 | DEBUG    | → SYNO.FotoTeam.Browse.Folder.list  {"id": 1136, "offset": 0, "limit": 500}
2026-05-15 19:06:58 | DEBUG    | → SYNO.FotoTeam.Browse.Folder.list  {"id": 1138, "offset": 0, "limit": 500}
2026-05-15 19:06:58 | DEBUG    | → SYNO.FotoTeam.Browse.Folder.list  {"id": 1139, "offset": 0, "limit": 500}
2026-05-15 19:06:58 | DEBUG    | → SYNO.FotoTeam.Browse.Folder.list  {"id": 1140, "offset": 0, "limit": 500}
2026-05-15 19:06:59 | DEBUG    | → SYNO.FotoTeam.Browse.Folder.list  {"id": 1141, "offset": 0, "limit": 500}
2026-05-15 19:06:59 | DEBUG    | → SYNO.FotoTeam.Browse.Folder.list  {"id": 1142, "offset": 0, "limit": 500}
2026-05-15 19:06:59 | DEBUG    | → SYNO.FotoTeam.Browse.Folder.list  {"id": 1144, "offset": 0, "limit": 500}
2026-05-15 19:06:59 | DEBUG    | → SYNO.FotoTeam.Browse.Folder.list  {"id": 1145, "offset": 0, "limit": 500}
2026-05-15 19:06:59 | DEBUG    | → SYNO.FotoTeam.Browse.Folder.list  {"id": 1192, "offset": 0, "limit": 500}
2026-05-15 19:06:59 | DEBUG    | → SYNO.FotoTeam.Browse.Folder.list  {"id": 1193, "offset": 0, "limit": 500}
2026-05-15 19:06:59 | DEBUG    | → SYNO.FotoTeam.Browse.Folder.list  {"id": 1194, "offset": 0, "limit": 500}
2026-05-15 19:06:59 | DEBUG    | → SYNO.FotoTeam.Browse.Folder.list  {"id": 1195, "offset": 0, "limit": 500}
2026-05-15 19:06:59 | DEBUG    | → SYNO.FotoTeam.Browse.Folder.list  {"id": 1196, "offset": 0, "limit": 500}
2026-05-15 19:06:59 | DEBUG    | → SYNO.FotoTeam.Browse.Folder.list  {"id": 1197, "offset": 0, "limit": 500}
2026-05-15 19:06:59 | DEBUG    | → SYNO.FotoTeam.Browse.Folder.list  {"id": 1198, "offset": 0, "limit": 500}
2026-05-15 19:06:59 | DEBUG    | → SYNO.FotoTeam.Browse.Folder.list  {"id": 1199, "offset": 0, "limit": 500}
2026-05-15 19:07:00 | DEBUG    | → SYNO.FotoTeam.Browse.Folder.list  {"id": 1200, "offset": 0, "limit": 500}
2026-05-15 19:07:00 | DEBUG    | → SYNO.FotoTeam.Browse.Folder.list  {"id": 1201, "offset": 0, "limit": 500}
2026-05-15 19:07:00 | DEBUG    | → SYNO.FotoTeam.Browse.Folder.list  {"id": 1202, "offset": 0, "limit": 500}
2026-05-15 19:07:00 | DEBUG    | → SYNO.FotoTeam.Browse.Folder.list  {"id": 1203, "offset": 0, "limit": 500}
2026-05-15 19:07:00 | DEBUG    | → SYNO.FotoTeam.Browse.Folder.list  {"id": 1204, "offset": 0, "limit": 500}
2026-05-15 19:07:00 | DEBUG    | → SYNO.FotoTeam.Browse.Folder.list  {"id": 1205, "offset": 0, "limit": 500}
2026-05-15 19:07:00 | DEBUG    | → SYNO.FotoTeam.Browse.Folder.list  {"id": 1207, "offset": 0, "limit": 500}
2026-05-15 19:07:00 | DEBUG    | → SYNO.FotoTeam.Browse.Folder.list  {"id": 1208, "offset": 0, "limit": 500}
2026-05-15 19:07:00 | DEBUG    | → SYNO.FotoTeam.Browse.Folder.list  {"id": 1209, "offset": 0, "limit": 500}
2026-05-15 19:07:00 | DEBUG    | → SYNO.FotoTeam.Browse.Folder.list  {"id": 1210, "offset": 0, "limit": 500}
2026-05-15 19:07:00 | DEBUG    | → SYNO.FotoTeam.Browse.Folder.list  {"id": 1211, "offset": 0, "limit": 500}
2026-05-15 19:07:00 | DEBUG    | → SYNO.FotoTeam.Browse.Folder.list  {"id": 1212, "offset": 0, "limit": 500}
2026-05-15 19:07:00 | DEBUG    | → SYNO.FotoTeam.Browse.Folder.list  {"id": 1213, "offset": 0, "limit": 500}
2026-05-15 19:07:00 | DEBUG    | → SYNO.FotoTeam.Browse.Folder.list  {"id": 1214, "offset": 0, "limit": 500}
2026-05-15 19:07:01 | DEBUG    | → SYNO.FotoTeam.Browse.Folder.list  {"id": 1227, "offset": 0, "limit": 500}
2026-05-15 19:07:01 | DEBUG    | → SYNO.FotoTeam.Browse.Folder.list  {"id": 1228, "offset": 0, "limit": 500}
2026-05-15 19:07:01 | DEBUG    | → SYNO.FotoTeam.Browse.Folder.list  {"id": 1752, "offset": 0, "limit": 500}
2026-05-15 19:07:01 | DEBUG    | → SYNO.FotoTeam.Browse.Folder.list  {"id": 1902, "offset": 0, "limit": 500}
2026-05-15 19:07:01 | DEBUG    | → SYNO.FotoTeam.Browse.Folder.list  {"id": 1906, "offset": 0, "limit": 500}
2026-05-15 19:07:01 | DEBUG    | → SYNO.FotoTeam.Browse.Folder.list  {"id": 2450, "offset": 0, "limit": 500}
2026-05-15 19:07:01 | DEBUG    | → SYNO.FotoTeam.Browse.Folder.list  {"id": 2663, "offset": 0, "limit": 500}
2026-05-15 19:07:01 | DEBUG    | → SYNO.FotoTeam.Browse.Folder.list  {"id": 2662, "offset": 0, "limit": 500}
2026-05-15 19:07:01 | DEBUG    | → SYNO.FotoTeam.Browse.Folder.list  {"id": 2851, "offset": 0, "limit": 500}
2026-05-15 19:07:02 | DEBUG    | → SYNO.FotoTeam.Browse.Folder.list  {"id": 2665, "offset": 0, "limit": 500}
2026-05-15 19:07:02 | DEBUG    | → SYNO.FotoTeam.Browse.Folder.list  {"id": 2852, "offset": 0, "limit": 500}
2026-05-15 19:07:02 | DEBUG    | → SYNO.FotoTeam.Browse.Folder.list  {"id": 2929, "offset": 0, "limit": 500}
2026-05-15 19:07:02 | DEBUG    | → SYNO.FotoTeam.Browse.Folder.list  {"id": 2974, "offset": 0, "limit": 500}
2026-05-15 19:07:02 | DEBUG    | → SYNO.FotoTeam.Browse.Folder.list  {"id": 1681, "offset": 0, "limit": 500}
2026-05-15 19:07:02 | DEBUG    | → SYNO.FotoTeam.Browse.Folder.list  {"id": 1274, "offset": 0, "limit": 500}
2026-05-15 19:07:02 | DEBUG    | → SYNO.FotoTeam.Browse.Folder.list  {"id": 2447, "offset": 0, "limit": 500}
2026-05-15 19:07:02 | DEBUG    | → SYNO.FotoTeam.Browse.Folder.list  {"id": 1669, "offset": 0, "limit": 500}
2026-05-15 19:07:02 | DEBUG    | → SYNO.FotoTeam.Browse.Folder.list  {"id": 1680, "offset": 0, "limit": 500}
2026-05-15 19:07:02 | DEBUG    | → SYNO.FotoTeam.Browse.Folder.list  {"id": 1252, "offset": 0, "limit": 500}
2026-05-15 19:07:02 | DEBUG    | → SYNO.FotoTeam.Browse.Folder.list  {"id": 1679, "offset": 0, "limit": 500}
2026-05-15 19:07:02 | DEBUG    | → SYNO.FotoTeam.Browse.Folder.list  {"id": 2093, "offset": 0, "limit": 500}
2026-05-15 19:07:02 | DEBUG    | → SYNO.FotoTeam.Browse.Folder.list  {"id": 1676, "offset": 0, "limit": 500}
2026-05-15 19:07:03 | DEBUG    | → SYNO.FotoTeam.Browse.Folder.list  {"id": 2917, "offset": 0, "limit": 500}
2026-05-15 19:07:03 | DEBUG    | → SYNO.FotoTeam.Browse.Folder.list  {"id": 1096, "offset": 0, "limit": 500}
2026-05-15 19:07:03 | DEBUG    | → SYNO.FotoTeam.Browse.Folder.list  {"id": 1231, "offset": 0, "limit": 500}
2026-05-15 19:07:03 | DEBUG    | → SYNO.FotoTeam.Browse.Folder.list  {"id": 1229, "offset": 0, "limit": 500}
2026-05-15 19:07:03 | DEBUG    | → SYNO.FotoTeam.Browse.Folder.list  {"id": 1255, "offset": 0, "limit": 500}
2026-05-15 19:07:03 | DEBUG    | → SYNO.FotoTeam.Browse.Folder.list  {"id": 1253, "offset": 0, "limit": 500}
2026-05-15 19:07:03 | DEBUG    | → SYNO.FotoTeam.Browse.Folder.list  {"id": 1247, "offset": 0, "limit": 500}
2026-05-15 19:07:03 | DEBUG    | → SYNO.FotoTeam.Browse.Folder.list  {"id": 1272, "offset": 0, "limit": 500}
2026-05-15 19:07:03 | DEBUG    | → SYNO.FotoTeam.Browse.Folder.list  {"id": 1095, "offset": 0, "limit": 500}
2026-05-15 19:07:03 | DEBUG    | → SYNO.FotoTeam.Browse.Folder.list  {"id": 1097, "offset": 0, "limit": 500}
2026-05-15 19:07:03 | DEBUG    | → SYNO.FotoTeam.Browse.Folder.list  {"id": 1098, "offset": 0, "limit": 500}
2026-05-15 19:07:03 | DEBUG    | → SYNO.FotoTeam.Browse.Folder.list  {"id": 1099, "offset": 0, "limit": 500}
2026-05-15 19:07:03 | DEBUG    | → SYNO.FotoTeam.Browse.Folder.list  {"id": 1100, "offset": 0, "limit": 500}
2026-05-15 19:07:03 | DEBUG    | → SYNO.FotoTeam.Browse.Folder.list  {"id": 1101, "offset": 0, "limit": 500}
2026-05-15 19:07:04 | DEBUG    | → SYNO.FotoTeam.Browse.Folder.list  {"id": 1102, "offset": 0, "limit": 500}
2026-05-15 19:07:04 | DEBUG    | → SYNO.FotoTeam.Browse.Folder.list  {"id": 1103, "offset": 0, "limit": 500}
2026-05-15 19:07:04 | DEBUG    | → SYNO.FotoTeam.Browse.Folder.list  {"id": 1104, "offset": 0, "limit": 500}
2026-05-15 19:07:04 | DEBUG    | → SYNO.FotoTeam.Browse.Folder.list  {"id": 1105, "offset": 0, "limit": 500}
2026-05-15 19:07:04 | DEBUG    | → SYNO.FotoTeam.Browse.Folder.list  {"id": 1106, "offset": 0, "limit": 500}
2026-05-15 19:07:04 | DEBUG    | → SYNO.FotoTeam.Browse.Folder.list  {"id": 1107, "offset": 0, "limit": 500}
2026-05-15 19:07:04 | DEBUG    | → SYNO.FotoTeam.Browse.Folder.list  {"id": 1110, "offset": 0, "limit": 500}
2026-05-15 19:07:04 | DEBUG    | → SYNO.FotoTeam.Browse.Folder.list  {"id": 1111, "offset": 0, "limit": 500}
2026-05-15 19:07:04 | DEBUG    | → SYNO.FotoTeam.Browse.Folder.list  {"id": 1112, "offset": 0, "limit": 500}
2026-05-15 19:07:04 | DEBUG    | → SYNO.FotoTeam.Browse.Folder.list  {"id": 1113, "offset": 0, "limit": 500}
2026-05-15 19:07:05 | DEBUG    | → SYNO.FotoTeam.Browse.Folder.list  {"id": 1114, "offset": 0, "limit": 500}
2026-05-15 19:07:05 | DEBUG    | → SYNO.FotoTeam.Browse.Folder.list  {"id": 1115, "offset": 0, "limit": 500}
2026-05-15 19:07:05 | DEBUG    | → SYNO.FotoTeam.Browse.Folder.list  {"id": 1116, "offset": 0, "limit": 500}
2026-05-15 19:07:05 | DEBUG    | → SYNO.FotoTeam.Browse.Folder.list  {"id": 1117, "offset": 0, "limit": 500}
2026-05-15 19:07:05 | DEBUG    | → SYNO.FotoTeam.Browse.Folder.list  {"id": 1120, "offset": 0, "limit": 500}
2026-05-15 19:07:05 | DEBUG    | → SYNO.FotoTeam.Browse.Folder.list  {"id": 1121, "offset": 0, "limit": 500}
2026-05-15 19:07:05 | DEBUG    | → SYNO.FotoTeam.Browse.Folder.list  {"id": 1122, "offset": 0, "limit": 500}
2026-05-15 19:07:05 | DEBUG    | → SYNO.FotoTeam.Browse.Folder.list  {"id": 1123, "offset": 0, "limit": 500}
2026-05-15 19:07:05 | DEBUG    | → SYNO.FotoTeam.Browse.Folder.list  {"id": 1124, "offset": 0, "limit": 500}
2026-05-15 19:07:05 | DEBUG    | → SYNO.FotoTeam.Browse.Folder.list  {"id": 1125, "offset": 0, "limit": 500}
2026-05-15 19:07:05 | DEBUG    | → SYNO.FotoTeam.Browse.Folder.list  {"id": 1126, "offset": 0, "limit": 500}
2026-05-15 19:07:05 | DEBUG    | → SYNO.FotoTeam.Browse.Folder.list  {"id": 1127, "offset": 0, "limit": 500}
2026-05-15 19:07:05 | DEBUG    | → SYNO.FotoTeam.Browse.Folder.list  {"id": 1128, "offset": 0, "limit": 500}
2026-05-15 19:07:06 | DEBUG    | → SYNO.FotoTeam.Browse.Folder.list  {"id": 1129, "offset": 0, "limit": 500}
2026-05-15 19:07:06 | DEBUG    | → SYNO.FotoTeam.Browse.Folder.list  {"id": 1130, "offset": 0, "limit": 500}
2026-05-15 19:07:06 | DEBUG    | → SYNO.FotoTeam.Browse.Folder.list  {"id": 1131, "offset": 0, "limit": 500}
2026-05-15 19:07:06 | DEBUG    | → SYNO.FotoTeam.Browse.Folder.list  {"id": 1132, "offset": 0, "limit": 500}
2026-05-15 19:07:06 | DEBUG    | → SYNO.FotoTeam.Browse.Folder.list  {"id": 1133, "offset": 0, "limit": 500}
2026-05-15 19:07:06 | DEBUG    | → SYNO.FotoTeam.Browse.Folder.list  {"id": 1135, "offset": 0, "limit": 500}
2026-05-15 19:07:06 | DEBUG    | → SYNO.FotoTeam.Browse.Folder.list  {"id": 1136, "offset": 0, "limit": 500}
2026-05-15 19:07:06 | DEBUG    | → SYNO.FotoTeam.Browse.Folder.list  {"id": 1138, "offset": 0, "limit": 500}
2026-05-15 19:07:06 | DEBUG    | → SYNO.FotoTeam.Browse.Folder.list  {"id": 1139, "offset": 0, "limit": 500}
2026-05-15 19:07:06 | DEBUG    | → SYNO.FotoTeam.Browse.Folder.list  {"id": 1140, "offset": 0, "limit": 500}
2026-05-15 19:07:06 | DEBUG    | → SYNO.FotoTeam.Browse.Folder.list  {"id": 1141, "offset": 0, "limit": 500}
2026-05-15 19:07:06 | DEBUG    | → SYNO.FotoTeam.Browse.Folder.list  {"id": 1142, "offset": 0, "limit": 500}
2026-05-15 19:07:06 | DEBUG    | → SYNO.FotoTeam.Browse.Folder.list  {"id": 1144, "offset": 0, "limit": 500}
2026-05-15 19:07:06 | DEBUG    | → SYNO.FotoTeam.Browse.Folder.list  {"id": 1145, "offset": 0, "limit": 500}
2026-05-15 19:07:07 | DEBUG    | → SYNO.FotoTeam.Browse.Folder.list  {"id": 1192, "offset": 0, "limit": 500}
2026-05-15 19:07:07 | DEBUG    | → SYNO.FotoTeam.Browse.Folder.list  {"id": 1193, "offset": 0, "limit": 500}
2026-05-15 19:07:07 | DEBUG    | → SYNO.FotoTeam.Browse.Folder.list  {"id": 1194, "offset": 0, "limit": 500}
2026-05-15 19:07:07 | DEBUG    | → SYNO.FotoTeam.Browse.Folder.list  {"id": 1195, "offset": 0, "limit": 500}
2026-05-15 19:07:07 | DEBUG    | → SYNO.FotoTeam.Browse.Folder.list  {"id": 1196, "offset": 0, "limit": 500}
2026-05-15 19:07:07 | DEBUG    | → SYNO.FotoTeam.Browse.Folder.list  {"id": 1197, "offset": 0, "limit": 500}
2026-05-15 19:07:07 | DEBUG    | → SYNO.FotoTeam.Browse.Folder.list  {"id": 1198, "offset": 0, "limit": 500}
2026-05-15 19:07:07 | DEBUG    | → SYNO.FotoTeam.Browse.Folder.list  {"id": 1199, "offset": 0, "limit": 500}
2026-05-15 19:07:07 | DEBUG    | → SYNO.FotoTeam.Browse.Folder.list  {"id": 1200, "offset": 0, "limit": 500}
2026-05-15 19:07:07 | DEBUG    | → SYNO.FotoTeam.Browse.Folder.list  {"id": 1201, "offset": 0, "limit": 500}
2026-05-15 19:07:07 | DEBUG    | → SYNO.FotoTeam.Browse.Folder.list  {"id": 1202, "offset": 0, "limit": 500}
2026-05-15 19:07:07 | DEBUG    | → SYNO.FotoTeam.Browse.Folder.list  {"id": 1203, "offset": 0, "limit": 500}
2026-05-15 19:07:07 | DEBUG    | → SYNO.FotoTeam.Browse.Folder.list  {"id": 1204, "offset": 0, "limit": 500}
2026-05-15 19:07:07 | DEBUG    | → SYNO.FotoTeam.Browse.Folder.list  {"id": 1205, "offset": 0, "limit": 500}
2026-05-15 19:07:08 | DEBUG    | → SYNO.FotoTeam.Browse.Folder.list  {"id": 1207, "offset": 0, "limit": 500}
2026-05-15 19:07:08 | DEBUG    | → SYNO.FotoTeam.Browse.Folder.list  {"id": 1208, "offset": 0, "limit": 500}
2026-05-15 19:07:08 | DEBUG    | → SYNO.FotoTeam.Browse.Folder.list  {"id": 1209, "offset": 0, "limit": 500}
2026-05-15 19:07:08 | DEBUG    | → SYNO.FotoTeam.Browse.Folder.list  {"id": 1210, "offset": 0, "limit": 500}
2026-05-15 19:07:08 | DEBUG    | → SYNO.FotoTeam.Browse.Folder.list  {"id": 1211, "offset": 0, "limit": 500}
2026-05-15 19:07:08 | DEBUG    | → SYNO.FotoTeam.Browse.Folder.list  {"id": 1212, "offset": 0, "limit": 500}
2026-05-15 19:07:08 | DEBUG    | → SYNO.FotoTeam.Browse.Folder.list  {"id": 1213, "offset": 0, "limit": 500}
2026-05-15 19:07:08 | DEBUG    | → SYNO.FotoTeam.Browse.Folder.list  {"id": 1214, "offset": 0, "limit": 500}
2026-05-15 19:07:08 | DEBUG    | → SYNO.FotoTeam.Browse.Folder.list  {"id": 1227, "offset": 0, "limit": 500}
2026-05-15 19:07:08 | DEBUG    | → SYNO.FotoTeam.Browse.Folder.list  {"id": 1228, "offset": 0, "limit": 500}
2026-05-15 19:07:08 | DEBUG    | → SYNO.FotoTeam.Browse.Folder.list  {"id": 1752, "offset": 0, "limit": 500}
2026-05-15 19:07:08 | DEBUG    | → SYNO.FotoTeam.Browse.Folder.list  {"id": 1902, "offset": 0, "limit": 500}
2026-05-15 19:07:08 | DEBUG    | → SYNO.FotoTeam.Browse.Folder.list  {"id": 1906, "offset": 0, "limit": 500}
2026-05-15 19:07:08 | DEBUG    | → SYNO.FotoTeam.Browse.Folder.list  {"id": 2450, "offset": 0, "limit": 500}
2026-05-15 19:07:09 | DEBUG    | → SYNO.FotoTeam.Browse.Folder.list  {"id": 2663, "offset": 0, "limit": 500}
2026-05-15 19:07:09 | DEBUG    | → SYNO.FotoTeam.Browse.Folder.list  {"id": 2662, "offset": 0, "limit": 500}
2026-05-15 19:07:09 | DEBUG    | → SYNO.FotoTeam.Browse.Folder.list  {"id": 2851, "offset": 0, "limit": 500}
2026-05-15 19:07:09 | DEBUG    | → SYNO.FotoTeam.Browse.Folder.list  {"id": 2665, "offset": 0, "limit": 500}
2026-05-15 19:07:09 | DEBUG    | → SYNO.FotoTeam.Browse.Folder.list  {"id": 2852, "offset": 0, "limit": 500}
2026-05-15 19:07:09 | DEBUG    | → SYNO.FotoTeam.Browse.Folder.list  {"id": 2929, "offset": 0, "limit": 500}
2026-05-15 19:07:09 | DEBUG    | → SYNO.FotoTeam.Browse.Folder.list  {"id": 2974, "offset": 0, "limit": 500}
2026-05-15 19:07:09 | DEBUG    | → SYNO.FotoTeam.Browse.Folder.list  {"id": 1681, "offset": 0, "limit": 500}
2026-05-15 19:07:09 | DEBUG    | → SYNO.FotoTeam.Browse.Folder.list  {"id": 1274, "offset": 0, "limit": 500}
2026-05-15 19:07:09 | DEBUG    | → SYNO.FotoTeam.Browse.Folder.list  {"id": 2447, "offset": 0, "limit": 500}
2026-05-15 19:07:09 | DEBUG    | → SYNO.FotoTeam.Browse.Folder.list  {"id": 1669, "offset": 0, "limit": 500}
2026-05-15 19:07:10 | DEBUG    | → SYNO.FotoTeam.Browse.Folder.list  {"id": 1680, "offset": 0, "limit": 500}
2026-05-15 19:07:10 | DEBUG    | → SYNO.FotoTeam.Browse.Folder.list  {"id": 1252, "offset": 0, "limit": 500}
2026-05-15 19:07:10 | DEBUG    | → SYNO.FotoTeam.Browse.Folder.list  {"id": 1679, "offset": 0, "limit": 500}
2026-05-15 19:07:10 | DEBUG    | → SYNO.FotoTeam.Browse.Folder.list  {"id": 2093, "offset": 0, "limit": 500}
2026-05-15 19:07:10 | DEBUG    | → SYNO.FotoTeam.Browse.Folder.list  {"id": 1676, "offset": 0, "limit": 500}
2026-05-15 19:07:10 | DEBUG    | → SYNO.FotoTeam.Browse.Folder.list  {"id": 2918, "offset": 0, "limit": 500}
2026-05-15 19:07:10 | DEBUG    | → SYNO.FotoTeam.Browse.Folder.list  {"id": 2919, "offset": 0, "limit": 500}
2026-05-15 19:07:10 | DEBUG    | → SYNO.FotoTeam.Browse.Folder.list  {"id": 1232, "offset": 0, "limit": 500}
2026-05-15 19:07:10 | DEBUG    | → SYNO.FotoTeam.Browse.Folder.list  {"id": 1233, "offset": 0, "limit": 500}
2026-05-15 19:07:10 | DEBUG    | → SYNO.FotoTeam.Browse.Folder.list  {"id": 1234, "offset": 0, "limit": 500}
2026-05-15 19:07:10 | DEBUG    | → SYNO.FotoTeam.Browse.Folder.list  {"id": 1235, "offset": 0, "limit": 500}
2026-05-15 19:07:10 | DEBUG    | → SYNO.FotoTeam.Browse.Folder.list  {"id": 1236, "offset": 0, "limit": 500}
2026-05-15 19:07:11 | DEBUG    | → SYNO.FotoTeam.Browse.Folder.list  {"id": 1237, "offset": 0, "limit": 500}
2026-05-15 19:07:11 | DEBUG    | → SYNO.FotoTeam.Browse.Folder.list  {"id": 1238, "offset": 0, "limit": 500}
2026-05-15 19:07:11 | DEBUG    | → SYNO.FotoTeam.Browse.Folder.list  {"id": 1239, "offset": 0, "limit": 500}
2026-05-15 19:07:11 | DEBUG    | → SYNO.FotoTeam.Browse.Folder.list  {"id": 1240, "offset": 0, "limit": 500}
2026-05-15 19:07:11 | DEBUG    | → SYNO.FotoTeam.Browse.Folder.list  {"id": 1241, "offset": 0, "limit": 500}
2026-05-15 19:07:11 | DEBUG    | → SYNO.FotoTeam.Browse.Folder.list  {"id": 1242, "offset": 0, "limit": 500}
2026-05-15 19:07:11 | DEBUG    | → SYNO.FotoTeam.Browse.Folder.list  {"id": 1243, "offset": 0, "limit": 500}
2026-05-15 19:07:11 | DEBUG    | → SYNO.FotoTeam.Browse.Folder.list  {"id": 1244, "offset": 0, "limit": 500}
2026-05-15 19:07:11 | DEBUG    | → SYNO.FotoTeam.Browse.Folder.list  {"id": 1245, "offset": 0, "limit": 500}
2026-05-15 19:07:11 | DEBUG    | → SYNO.FotoTeam.Browse.Folder.list  {"id": 1230, "offset": 0, "limit": 500}
2026-05-15 19:07:11 | DEBUG    | → SYNO.FotoTeam.Browse.Folder.list  {"id": 1256, "offset": 0, "limit": 500}
2026-05-15 19:07:11 | DEBUG    | → SYNO.FotoTeam.Browse.Folder.list  {"id": 1254, "offset": 0, "limit": 500}
2026-05-15 19:07:11 | DEBUG    | → SYNO.FotoTeam.Browse.Folder.list  {"id": 1273, "offset": 0, "limit": 500}
2026-05-15 19:07:12 | DEBUG    | → SYNO.FotoTeam.Browse.Folder.list  {"id": 2133, "offset": 0, "limit": 500}
2026-05-15 19:07:12 | DEBUG    | → SYNO.FotoTeam.Browse.Folder.list  {"id": 1109, "offset": 0, "limit": 500}
2026-05-15 19:07:12 | DEBUG    | → SYNO.FotoTeam.Browse.Folder.list  {"id": 1108, "offset": 0, "limit": 500}
2026-05-15 19:07:12 | DEBUG    | → SYNO.FotoTeam.Browse.Folder.list  {"id": 1118, "offset": 0, "limit": 500}
2026-05-15 19:07:12 | DEBUG    | → SYNO.FotoTeam.Browse.Folder.list  {"id": 1119, "offset": 0, "limit": 500}
2026-05-15 19:07:12 | DEBUG    | → SYNO.FotoTeam.Browse.Folder.list  {"id": 1134, "offset": 0, "limit": 500}
2026-05-15 19:07:12 | DEBUG    | → SYNO.FotoTeam.Browse.Folder.list  {"id": 1137, "offset": 0, "limit": 500}
2026-05-15 19:07:12 | DEBUG    | → SYNO.FotoTeam.Browse.Folder.list  {"id": 1143, "offset": 0, "limit": 500}
2026-05-15 19:07:12 | DEBUG    | → SYNO.FotoTeam.Browse.Folder.list  {"id": 1146, "offset": 0, "limit": 500}
2026-05-15 19:07:12 | DEBUG    | → SYNO.FotoTeam.Browse.Folder.list  {"id": 1206, "offset": 0, "limit": 500}
2026-05-15 19:07:12 | DEBUG    | → SYNO.FotoTeam.Browse.Folder.list  {"id": 1215, "offset": 0, "limit": 500}
2026-05-15 19:07:12 | DEBUG    | → SYNO.FotoTeam.Browse.Folder.list  {"id": 1693, "offset": 0, "limit": 500}
2026-05-15 19:07:12 | DEBUG    | → SYNO.FotoTeam.Browse.Folder.list  {"id": 1691, "offset": 0, "limit": 500}
2026-05-15 19:07:13 | DEBUG    | → SYNO.FotoTeam.Browse.Folder.list  {"id": 1682, "offset": 0, "limit": 500}
2026-05-15 19:07:13 | DEBUG    | → SYNO.FotoTeam.Browse.Folder.list  {"id": 1275, "offset": 0, "limit": 500}
2026-05-15 19:07:13 | DEBUG    | → SYNO.FotoTeam.Browse.Folder.list  {"id": 2094, "offset": 0, "limit": 500}
2026-05-15 19:07:13 | DEBUG    | → SYNO.FotoTeam.Browse.Folder.list  {"id": 2097, "offset": 0, "limit": 500}
2026-05-15 19:07:13 | DEBUG    | → SYNO.FotoTeam.Browse.Folder.list  {"id": 2098, "offset": 0, "limit": 500}
2026-05-15 19:07:13 | DEBUG    | → SYNO.FotoTeam.Browse.Folder.list  {"id": 2918, "offset": 0, "limit": 500}
2026-05-15 19:07:13 | DEBUG    | → SYNO.FotoTeam.Browse.Folder.list  {"id": 2919, "offset": 0, "limit": 500}
2026-05-15 19:07:13 | DEBUG    | → SYNO.FotoTeam.Browse.Folder.list  {"id": 1232, "offset": 0, "limit": 500}
2026-05-15 19:07:13 | DEBUG    | → SYNO.FotoTeam.Browse.Folder.list  {"id": 1233, "offset": 0, "limit": 500}
2026-05-15 19:07:13 | DEBUG    | → SYNO.FotoTeam.Browse.Folder.list  {"id": 1234, "offset": 0, "limit": 500}
2026-05-15 19:07:13 | DEBUG    | → SYNO.FotoTeam.Browse.Folder.list  {"id": 1235, "offset": 0, "limit": 500}
2026-05-15 19:07:14 | DEBUG    | → SYNO.FotoTeam.Browse.Folder.list  {"id": 1236, "offset": 0, "limit": 500}
2026-05-15 19:07:14 | DEBUG    | → SYNO.FotoTeam.Browse.Folder.list  {"id": 1237, "offset": 0, "limit": 500}
2026-05-15 19:07:14 | DEBUG    | → SYNO.FotoTeam.Browse.Folder.list  {"id": 1238, "offset": 0, "limit": 500}
2026-05-15 19:07:14 | DEBUG    | → SYNO.FotoTeam.Browse.Folder.list  {"id": 1239, "offset": 0, "limit": 500}
2026-05-15 19:07:14 | DEBUG    | → SYNO.FotoTeam.Browse.Folder.list  {"id": 1240, "offset": 0, "limit": 500}
2026-05-15 19:07:14 | DEBUG    | → SYNO.FotoTeam.Browse.Folder.list  {"id": 1241, "offset": 0, "limit": 500}
2026-05-15 19:07:14 | DEBUG    | → SYNO.FotoTeam.Browse.Folder.list  {"id": 1242, "offset": 0, "limit": 500}
2026-05-15 19:07:14 | DEBUG    | → SYNO.FotoTeam.Browse.Folder.list  {"id": 1243, "offset": 0, "limit": 500}
2026-05-15 19:07:14 | DEBUG    | → SYNO.FotoTeam.Browse.Folder.list  {"id": 1244, "offset": 0, "limit": 500}
2026-05-15 19:07:14 | DEBUG    | → SYNO.FotoTeam.Browse.Folder.list  {"id": 1245, "offset": 0, "limit": 500}
2026-05-15 19:07:14 | DEBUG    | → SYNO.FotoTeam.Browse.Folder.list  {"id": 1230, "offset": 0, "limit": 500}
2026-05-15 19:07:14 | DEBUG    | → SYNO.FotoTeam.Browse.Folder.list  {"id": 1256, "offset": 0, "limit": 500}
2026-05-15 19:07:14 | DEBUG    | → SYNO.FotoTeam.Browse.Folder.list  {"id": 1254, "offset": 0, "limit": 500}
2026-05-15 19:07:14 | DEBUG    | → SYNO.FotoTeam.Browse.Folder.list  {"id": 1273, "offset": 0, "limit": 500}
2026-05-15 19:07:15 | DEBUG    | → SYNO.FotoTeam.Browse.Folder.list  {"id": 2133, "offset": 0, "limit": 500}
2026-05-15 19:07:15 | DEBUG    | → SYNO.FotoTeam.Browse.Folder.list  {"id": 1109, "offset": 0, "limit": 500}
2026-05-15 19:07:15 | DEBUG    | → SYNO.FotoTeam.Browse.Folder.list  {"id": 1108, "offset": 0, "limit": 500}
2026-05-15 19:07:15 | DEBUG    | → SYNO.FotoTeam.Browse.Folder.list  {"id": 1118, "offset": 0, "limit": 500}
2026-05-15 19:07:15 | DEBUG    | → SYNO.FotoTeam.Browse.Folder.list  {"id": 1119, "offset": 0, "limit": 500}
2026-05-15 19:07:15 | DEBUG    | → SYNO.FotoTeam.Browse.Folder.list  {"id": 1134, "offset": 0, "limit": 500}
2026-05-15 19:07:15 | DEBUG    | → SYNO.FotoTeam.Browse.Folder.list  {"id": 1137, "offset": 0, "limit": 500}
2026-05-15 19:07:15 | DEBUG    | → SYNO.FotoTeam.Browse.Folder.list  {"id": 1143, "offset": 0, "limit": 500}
2026-05-15 19:07:15 | DEBUG    | → SYNO.FotoTeam.Browse.Folder.list  {"id": 1146, "offset": 0, "limit": 500}
2026-05-15 19:07:15 | DEBUG    | → SYNO.FotoTeam.Browse.Folder.list  {"id": 1206, "offset": 0, "limit": 500}
2026-05-15 19:07:15 | DEBUG    | → SYNO.FotoTeam.Browse.Folder.list  {"id": 1215, "offset": 0, "limit": 500}
2026-05-15 19:07:15 | DEBUG    | → SYNO.FotoTeam.Browse.Folder.list  {"id": 1693, "offset": 0, "limit": 500}
2026-05-15 19:07:15 | DEBUG    | → SYNO.FotoTeam.Browse.Folder.list  {"id": 1691, "offset": 0, "limit": 500}
2026-05-15 19:07:16 | DEBUG    | → SYNO.FotoTeam.Browse.Folder.list  {"id": 1682, "offset": 0, "limit": 500}
2026-05-15 19:07:16 | DEBUG    | → SYNO.FotoTeam.Browse.Folder.list  {"id": 1275, "offset": 0, "limit": 500}
2026-05-15 19:07:16 | DEBUG    | → SYNO.FotoTeam.Browse.Folder.list  {"id": 2094, "offset": 0, "limit": 500}
2026-05-15 19:07:16 | DEBUG    | → SYNO.FotoTeam.Browse.Folder.list  {"id": 2097, "offset": 0, "limit": 500}
2026-05-15 19:07:16 | DEBUG    | → SYNO.FotoTeam.Browse.Folder.list  {"id": 2098, "offset": 0, "limit": 500}
2026-05-15 19:07:16 | DEBUG    | → SYNO.FotoTeam.Browse.Folder.list  {"id": 2134, "offset": 0, "limit": 500}
2026-05-15 19:07:16 | DEBUG    | → SYNO.FotoTeam.Browse.Folder.list  {"id": 1150, "offset": 0, "limit": 500}
2026-05-15 19:07:16 | DEBUG    | → SYNO.FotoTeam.Browse.Folder.list  {"id": 1151, "offset": 0, "limit": 500}
2026-05-15 19:07:16 | DEBUG    | → SYNO.FotoTeam.Browse.Folder.list  {"id": 1152, "offset": 0, "limit": 500}
2026-05-15 19:07:16 | DEBUG    | → SYNO.FotoTeam.Browse.Folder.list  {"id": 1153, "offset": 0, "limit": 500}
2026-05-15 19:07:16 | DEBUG    | → SYNO.FotoTeam.Browse.Folder.list  {"id": 1154, "offset": 0, "limit": 500}
2026-05-15 19:07:16 | DEBUG    | → SYNO.FotoTeam.Browse.Folder.list  {"id": 1155, "offset": 0, "limit": 500}
2026-05-15 19:07:16 | DEBUG    | → SYNO.FotoTeam.Browse.Folder.list  {"id": 1156, "offset": 0, "limit": 500}
2026-05-15 19:07:17 | DEBUG    | → SYNO.FotoTeam.Browse.Folder.list  {"id": 1157, "offset": 0, "limit": 500}
2026-05-15 19:07:17 | DEBUG    | → SYNO.FotoTeam.Browse.Folder.list  {"id": 1158, "offset": 0, "limit": 500}
2026-05-15 19:07:17 | DEBUG    | → SYNO.FotoTeam.Browse.Folder.list  {"id": 1159, "offset": 0, "limit": 500}
2026-05-15 19:07:17 | DEBUG    | → SYNO.FotoTeam.Browse.Folder.list  {"id": 1160, "offset": 0, "limit": 500}
2026-05-15 19:07:17 | DEBUG    | → SYNO.FotoTeam.Browse.Folder.list  {"id": 1161, "offset": 0, "limit": 500}
2026-05-15 19:07:17 | DEBUG    | → SYNO.FotoTeam.Browse.Folder.list  {"id": 1162, "offset": 0, "limit": 500}
2026-05-15 19:07:17 | DEBUG    | → SYNO.FotoTeam.Browse.Folder.list  {"id": 1163, "offset": 0, "limit": 500}
2026-05-15 19:07:17 | DEBUG    | → SYNO.FotoTeam.Browse.Folder.list  {"id": 1164, "offset": 0, "limit": 500}
2026-05-15 19:07:17 | DEBUG    | → SYNO.FotoTeam.Browse.Folder.list  {"id": 1165, "offset": 0, "limit": 500}
2026-05-15 19:07:17 | DEBUG    | → SYNO.FotoTeam.Browse.Folder.list  {"id": 1166, "offset": 0, "limit": 500}
2026-05-15 19:07:18 | DEBUG    | → SYNO.FotoTeam.Browse.Folder.list  {"id": 1167, "offset": 0, "limit": 500}
2026-05-15 19:07:18 | DEBUG    | → SYNO.FotoTeam.Browse.Folder.list  {"id": 1168, "offset": 0, "limit": 500}
2026-05-15 19:07:18 | DEBUG    | → SYNO.FotoTeam.Browse.Folder.list  {"id": 1169, "offset": 0, "limit": 500}
2026-05-15 19:07:18 | DEBUG    | → SYNO.FotoTeam.Browse.Folder.list  {"id": 1170, "offset": 0, "limit": 500}
2026-05-15 19:07:18 | DEBUG    | → SYNO.FotoTeam.Browse.Folder.list  {"id": 1173, "offset": 0, "limit": 500}
2026-05-15 19:07:18 | DEBUG    | → SYNO.FotoTeam.Browse.Folder.list  {"id": 1174, "offset": 0, "limit": 500}
2026-05-15 19:07:18 | DEBUG    | → SYNO.FotoTeam.Browse.Folder.list  {"id": 1175, "offset": 0, "limit": 500}
2026-05-15 19:07:18 | DEBUG    | → SYNO.FotoTeam.Browse.Folder.list  {"id": 1176, "offset": 0, "limit": 500}
2026-05-15 19:07:18 | DEBUG    | → SYNO.FotoTeam.Browse.Folder.list  {"id": 1177, "offset": 0, "limit": 500}
2026-05-15 19:07:18 | DEBUG    | → SYNO.FotoTeam.Browse.Folder.list  {"id": 1178, "offset": 0, "limit": 500}
2026-05-15 19:07:18 | DEBUG    | → SYNO.FotoTeam.Browse.Folder.list  {"id": 1179, "offset": 0, "limit": 500}
2026-05-15 19:07:18 | DEBUG    | → SYNO.FotoTeam.Browse.Folder.list  {"id": 1180, "offset": 0, "limit": 500}
2026-05-15 19:07:18 | DEBUG    | → SYNO.FotoTeam.Browse.Folder.list  {"id": 1181, "offset": 0, "limit": 500}
2026-05-15 19:07:18 | DEBUG    | → SYNO.FotoTeam.Browse.Folder.list  {"id": 1182, "offset": 0, "limit": 500}
2026-05-15 19:07:19 | DEBUG    | → SYNO.FotoTeam.Browse.Folder.list  {"id": 1183, "offset": 0, "limit": 500}
2026-05-15 19:07:19 | DEBUG    | → SYNO.FotoTeam.Browse.Folder.list  {"id": 1184, "offset": 0, "limit": 500}
2026-05-15 19:07:19 | DEBUG    | → SYNO.FotoTeam.Browse.Folder.list  {"id": 1185, "offset": 0, "limit": 500}
2026-05-15 19:07:19 | DEBUG    | → SYNO.FotoTeam.Browse.Folder.list  {"id": 1186, "offset": 0, "limit": 500}
2026-05-15 19:07:19 | DEBUG    | → SYNO.FotoTeam.Browse.Folder.list  {"id": 1187, "offset": 0, "limit": 500}
2026-05-15 19:07:19 | DEBUG    | → SYNO.FotoTeam.Browse.Folder.list  {"id": 1188, "offset": 0, "limit": 500}
2026-05-15 19:07:19 | DEBUG    | → SYNO.FotoTeam.Browse.Folder.list  {"id": 1189, "offset": 0, "limit": 500}
2026-05-15 19:07:19 | DEBUG    | → SYNO.FotoTeam.Browse.Folder.list  {"id": 1190, "offset": 0, "limit": 500}
2026-05-15 19:07:19 | DEBUG    | → SYNO.FotoTeam.Browse.Folder.list  {"id": 1191, "offset": 0, "limit": 500}
2026-05-15 19:07:19 | DEBUG    | → SYNO.FotoTeam.Browse.Folder.list  {"id": 1148, "offset": 0, "limit": 500}
2026-05-15 19:07:19 | DEBUG    | → SYNO.FotoTeam.Browse.Folder.list  {"id": 1149, "offset": 0, "limit": 500}
2026-05-15 19:07:19 | DEBUG    | → SYNO.FotoTeam.Browse.Folder.list  {"id": 1147, "offset": 0, "limit": 500}
2026-05-15 19:07:19 | DEBUG    | → SYNO.FotoTeam.Browse.Folder.list  {"id": 1216, "offset": 0, "limit": 500}
2026-05-15 19:07:19 | DEBUG    | → SYNO.FotoTeam.Browse.Folder.list  {"id": 1217, "offset": 0, "limit": 500}
2026-05-15 19:07:20 | DEBUG    | → SYNO.FotoTeam.Browse.Folder.list  {"id": 1218, "offset": 0, "limit": 500}
2026-05-15 19:07:20 | DEBUG    | → SYNO.FotoTeam.Browse.Folder.list  {"id": 1222, "offset": 0, "limit": 500}
2026-05-15 19:07:20 | DEBUG    | → SYNO.FotoTeam.Browse.Folder.list  {"id": 1223, "offset": 0, "limit": 500}
2026-05-15 19:07:20 | DEBUG    | → SYNO.FotoTeam.Browse.Folder.list  {"id": 1224, "offset": 0, "limit": 500}
2026-05-15 19:07:20 | DEBUG    | → SYNO.FotoTeam.Browse.Folder.list  {"id": 1225, "offset": 0, "limit": 500}
2026-05-15 19:07:20 | DEBUG    | → SYNO.FotoTeam.Browse.Folder.list  {"id": 1226, "offset": 0, "limit": 500}
2026-05-15 19:07:20 | DEBUG    | → SYNO.FotoTeam.Browse.Folder.list  {"id": 1694, "offset": 0, "limit": 500}
2026-05-15 19:07:20 | DEBUG    | → SYNO.FotoTeam.Browse.Folder.list  {"id": 1692, "offset": 0, "limit": 500}
2026-05-15 19:07:20 | DEBUG    | → SYNO.FotoTeam.Browse.Folder.list  {"id": 1684, "offset": 0, "limit": 500}
2026-05-15 19:07:20 | DEBUG    | → SYNO.FotoTeam.Browse.Folder.list  {"id": 1685, "offset": 0, "limit": 500}
2026-05-15 19:07:20 | DEBUG    | → SYNO.FotoTeam.Browse.Folder.list  {"id": 1686, "offset": 0, "limit": 500}
2026-05-15 19:07:20 | DEBUG    | → SYNO.FotoTeam.Browse.Folder.list  {"id": 1687, "offset": 0, "limit": 500}
2026-05-15 19:07:20 | DEBUG    | → SYNO.FotoTeam.Browse.Folder.list  {"id": 1688, "offset": 0, "limit": 500}
2026-05-15 19:07:21 | DEBUG    | → SYNO.FotoTeam.Browse.Folder.list  {"id": 1689, "offset": 0, "limit": 500}
2026-05-15 19:07:21 | DEBUG    | → SYNO.FotoTeam.Browse.Folder.list  {"id": 1690, "offset": 0, "limit": 500}
2026-05-15 19:07:21 | DEBUG    | → SYNO.FotoTeam.Browse.Folder.list  {"id": 1276, "offset": 0, "limit": 500}
2026-05-15 19:07:21 | DEBUG    | → SYNO.FotoTeam.Browse.Folder.list  {"id": 1287, "offset": 0, "limit": 500}
2026-05-15 19:07:21 | DEBUG    | → SYNO.FotoTeam.Browse.Folder.list  {"id": 2095, "offset": 0, "limit": 500}
2026-05-15 19:07:21 | DEBUG    | → SYNO.FotoTeam.Browse.Folder.list  {"id": 2096, "offset": 0, "limit": 500}
2026-05-15 19:07:21 | DEBUG    | → SYNO.FotoTeam.Browse.Folder.list  {"id": 2134, "offset": 0, "limit": 500}
2026-05-15 19:07:21 | DEBUG    | → SYNO.FotoTeam.Browse.Folder.list  {"id": 1150, "offset": 0, "limit": 500}
2026-05-15 19:07:21 | DEBUG    | → SYNO.FotoTeam.Browse.Folder.list  {"id": 1151, "offset": 0, "limit": 500}
2026-05-15 19:07:21 | DEBUG    | → SYNO.FotoTeam.Browse.Folder.list  {"id": 1152, "offset": 0, "limit": 500}
2026-05-15 19:07:21 | DEBUG    | → SYNO.FotoTeam.Browse.Folder.list  {"id": 1153, "offset": 0, "limit": 500}
2026-05-15 19:07:22 | DEBUG    | → SYNO.FotoTeam.Browse.Folder.list  {"id": 1154, "offset": 0, "limit": 500}
2026-05-15 19:07:22 | DEBUG    | → SYNO.FotoTeam.Browse.Folder.list  {"id": 1155, "offset": 0, "limit": 500}
2026-05-15 19:07:22 | DEBUG    | → SYNO.FotoTeam.Browse.Folder.list  {"id": 1156, "offset": 0, "limit": 500}
2026-05-15 19:07:22 | DEBUG    | → SYNO.FotoTeam.Browse.Folder.list  {"id": 1157, "offset": 0, "limit": 500}
2026-05-15 19:07:22 | DEBUG    | → SYNO.FotoTeam.Browse.Folder.list  {"id": 1158, "offset": 0, "limit": 500}
2026-05-15 19:07:22 | DEBUG    | → SYNO.FotoTeam.Browse.Folder.list  {"id": 1159, "offset": 0, "limit": 500}
2026-05-15 19:07:22 | DEBUG    | → SYNO.FotoTeam.Browse.Folder.list  {"id": 1160, "offset": 0, "limit": 500}
2026-05-15 19:07:22 | DEBUG    | → SYNO.FotoTeam.Browse.Folder.list  {"id": 1161, "offset": 0, "limit": 500}
2026-05-15 19:07:22 | DEBUG    | → SYNO.FotoTeam.Browse.Folder.list  {"id": 1162, "offset": 0, "limit": 500}
2026-05-15 19:07:22 | DEBUG    | → SYNO.FotoTeam.Browse.Folder.list  {"id": 1163, "offset": 0, "limit": 500}
2026-05-15 19:07:22 | DEBUG    | → SYNO.FotoTeam.Browse.Folder.list  {"id": 1164, "offset": 0, "limit": 500}
2026-05-15 19:07:22 | DEBUG    | → SYNO.FotoTeam.Browse.Folder.list  {"id": 1165, "offset": 0, "limit": 500}
2026-05-15 19:07:22 | DEBUG    | → SYNO.FotoTeam.Browse.Folder.list  {"id": 1166, "offset": 0, "limit": 500}
2026-05-15 19:07:23 | DEBUG    | → SYNO.FotoTeam.Browse.Folder.list  {"id": 1167, "offset": 0, "limit": 500}
2026-05-15 19:07:23 | DEBUG    | → SYNO.FotoTeam.Browse.Folder.list  {"id": 1168, "offset": 0, "limit": 500}
2026-05-15 19:07:23 | DEBUG    | → SYNO.FotoTeam.Browse.Folder.list  {"id": 1169, "offset": 0, "limit": 500}
2026-05-15 19:07:23 | DEBUG    | → SYNO.FotoTeam.Browse.Folder.list  {"id": 1170, "offset": 0, "limit": 500}
2026-05-15 19:07:23 | DEBUG    | → SYNO.FotoTeam.Browse.Folder.list  {"id": 1173, "offset": 0, "limit": 500}
2026-05-15 19:07:23 | DEBUG    | → SYNO.FotoTeam.Browse.Folder.list  {"id": 1174, "offset": 0, "limit": 500}
2026-05-15 19:07:23 | DEBUG    | → SYNO.FotoTeam.Browse.Folder.list  {"id": 1175, "offset": 0, "limit": 500}
2026-05-15 19:07:23 | DEBUG    | → SYNO.FotoTeam.Browse.Folder.list  {"id": 1176, "offset": 0, "limit": 500}
2026-05-15 19:07:23 | DEBUG    | → SYNO.FotoTeam.Browse.Folder.list  {"id": 1177, "offset": 0, "limit": 500}
2026-05-15 19:07:23 | DEBUG    | → SYNO.FotoTeam.Browse.Folder.list  {"id": 1178, "offset": 0, "limit": 500}
2026-05-15 19:07:23 | DEBUG    | → SYNO.FotoTeam.Browse.Folder.list  {"id": 1179, "offset": 0, "limit": 500}
2026-05-15 19:07:23 | DEBUG    | → SYNO.FotoTeam.Browse.Folder.list  {"id": 1180, "offset": 0, "limit": 500}
2026-05-15 19:07:23 | DEBUG    | → SYNO.FotoTeam.Browse.Folder.list  {"id": 1181, "offset": 0, "limit": 500}
2026-05-15 19:07:23 | DEBUG    | → SYNO.FotoTeam.Browse.Folder.list  {"id": 1182, "offset": 0, "limit": 500}
2026-05-15 19:07:24 | DEBUG    | → SYNO.FotoTeam.Browse.Folder.list  {"id": 1183, "offset": 0, "limit": 500}
2026-05-15 19:07:24 | DEBUG    | → SYNO.FotoTeam.Browse.Folder.list  {"id": 1184, "offset": 0, "limit": 500}
2026-05-15 19:07:24 | DEBUG    | → SYNO.FotoTeam.Browse.Folder.list  {"id": 1185, "offset": 0, "limit": 500}
2026-05-15 19:07:24 | DEBUG    | → SYNO.FotoTeam.Browse.Folder.list  {"id": 1186, "offset": 0, "limit": 500}
2026-05-15 19:07:24 | DEBUG    | → SYNO.FotoTeam.Browse.Folder.list  {"id": 1187, "offset": 0, "limit": 500}
2026-05-15 19:07:24 | DEBUG    | → SYNO.FotoTeam.Browse.Folder.list  {"id": 1188, "offset": 0, "limit": 500}
2026-05-15 19:07:24 | DEBUG    | → SYNO.FotoTeam.Browse.Folder.list  {"id": 1189, "offset": 0, "limit": 500}
2026-05-15 19:07:24 | DEBUG    | → SYNO.FotoTeam.Browse.Folder.list  {"id": 1190, "offset": 0, "limit": 500}
2026-05-15 19:07:24 | DEBUG    | → SYNO.FotoTeam.Browse.Folder.list  {"id": 1191, "offset": 0, "limit": 500}
2026-05-15 19:07:24 | DEBUG    | → SYNO.FotoTeam.Browse.Folder.list  {"id": 1148, "offset": 0, "limit": 500}
2026-05-15 19:07:24 | DEBUG    | → SYNO.FotoTeam.Browse.Folder.list  {"id": 1149, "offset": 0, "limit": 500}
2026-05-15 19:07:24 | DEBUG    | → SYNO.FotoTeam.Browse.Folder.list  {"id": 1147, "offset": 0, "limit": 500}
2026-05-15 19:07:24 | DEBUG    | → SYNO.FotoTeam.Browse.Folder.list  {"id": 1216, "offset": 0, "limit": 500}
2026-05-15 19:07:25 | DEBUG    | → SYNO.FotoTeam.Browse.Folder.list  {"id": 1217, "offset": 0, "limit": 500}
2026-05-15 19:07:25 | DEBUG    | → SYNO.FotoTeam.Browse.Folder.list  {"id": 1218, "offset": 0, "limit": 500}
2026-05-15 19:07:25 | DEBUG    | → SYNO.FotoTeam.Browse.Folder.list  {"id": 1222, "offset": 0, "limit": 500}
2026-05-15 19:07:25 | DEBUG    | → SYNO.FotoTeam.Browse.Folder.list  {"id": 1223, "offset": 0, "limit": 500}
2026-05-15 19:07:25 | DEBUG    | → SYNO.FotoTeam.Browse.Folder.list  {"id": 1224, "offset": 0, "limit": 500}
2026-05-15 19:07:25 | DEBUG    | → SYNO.FotoTeam.Browse.Folder.list  {"id": 1225, "offset": 0, "limit": 500}
2026-05-15 19:07:25 | DEBUG    | → SYNO.FotoTeam.Browse.Folder.list  {"id": 1226, "offset": 0, "limit": 500}
2026-05-15 19:07:25 | DEBUG    | → SYNO.FotoTeam.Browse.Folder.list  {"id": 1694, "offset": 0, "limit": 500}
2026-05-15 19:07:25 | DEBUG    | → SYNO.FotoTeam.Browse.Folder.list  {"id": 1692, "offset": 0, "limit": 500}
2026-05-15 19:07:25 | DEBUG    | → SYNO.FotoTeam.Browse.Folder.list  {"id": 1684, "offset": 0, "limit": 500}
2026-05-15 19:07:25 | DEBUG    | → SYNO.FotoTeam.Browse.Folder.list  {"id": 1685, "offset": 0, "limit": 500}
2026-05-15 19:07:25 | DEBUG    | → SYNO.FotoTeam.Browse.Folder.list  {"id": 1686, "offset": 0, "limit": 500}
2026-05-15 19:07:26 | DEBUG    | → SYNO.FotoTeam.Browse.Folder.list  {"id": 1687, "offset": 0, "limit": 500}
2026-05-15 19:07:26 | DEBUG    | → SYNO.FotoTeam.Browse.Folder.list  {"id": 1688, "offset": 0, "limit": 500}
2026-05-15 19:07:26 | DEBUG    | → SYNO.FotoTeam.Browse.Folder.list  {"id": 1689, "offset": 0, "limit": 500}
2026-05-15 19:07:26 | DEBUG    | → SYNO.FotoTeam.Browse.Folder.list  {"id": 1690, "offset": 0, "limit": 500}
2026-05-15 19:07:26 | DEBUG    | → SYNO.FotoTeam.Browse.Folder.list  {"id": 1276, "offset": 0, "limit": 500}
2026-05-15 19:07:26 | DEBUG    | → SYNO.FotoTeam.Browse.Folder.list  {"id": 1287, "offset": 0, "limit": 500}
2026-05-15 19:07:26 | DEBUG    | → SYNO.FotoTeam.Browse.Folder.list  {"id": 2095, "offset": 0, "limit": 500}
2026-05-15 19:07:26 | DEBUG    | → SYNO.FotoTeam.Browse.Folder.list  {"id": 2096, "offset": 0, "limit": 500}
2026-05-15 19:07:26 | DEBUG    | → SYNO.FotoTeam.Browse.Folder.list  {"id": 1171, "offset": 0, "limit": 500}
2026-05-15 19:07:26 | DEBUG    | → SYNO.FotoTeam.Browse.Folder.list  {"id": 1172, "offset": 0, "limit": 500}
2026-05-15 19:07:26 | DEBUG    | → SYNO.FotoTeam.Browse.Folder.list  {"id": 1219, "offset": 0, "limit": 500}
2026-05-15 19:07:26 | DEBUG    | → SYNO.FotoTeam.Browse.Folder.list  {"id": 1220, "offset": 0, "limit": 500}
2026-05-15 19:07:26 | DEBUG    | → SYNO.FotoTeam.Browse.Folder.list  {"id": 1221, "offset": 0, "limit": 500}
2026-05-15 19:07:27 | DEBUG    | → SYNO.FotoTeam.Browse.Folder.list  {"id": 1291, "offset": 0, "limit": 500}
2026-05-15 19:07:27 | DEBUG    | → SYNO.FotoTeam.Browse.Folder.list  {"id": 1288, "offset": 0, "limit": 500}
2026-05-15 19:07:27 | DEBUG    | → SYNO.FotoTeam.Browse.Folder.list  {"id": 1171, "offset": 0, "limit": 500}
2026-05-15 19:07:27 | DEBUG    | → SYNO.FotoTeam.Browse.Folder.list  {"id": 1172, "offset": 0, "limit": 500}
2026-05-15 19:07:27 | DEBUG    | → SYNO.FotoTeam.Browse.Folder.list  {"id": 1219, "offset": 0, "limit": 500}
2026-05-15 19:07:27 | DEBUG    | → SYNO.FotoTeam.Browse.Folder.list  {"id": 1220, "offset": 0, "limit": 500}
2026-05-15 19:07:27 | DEBUG    | → SYNO.FotoTeam.Browse.Folder.list  {"id": 1221, "offset": 0, "limit": 500}
2026-05-15 19:07:27 | DEBUG    | → SYNO.FotoTeam.Browse.Folder.list  {"id": 1291, "offset": 0, "limit": 500}
2026-05-15 19:07:27 | DEBUG    | → SYNO.FotoTeam.Browse.Folder.list  {"id": 1288, "offset": 0, "limit": 500}
2026-05-15 19:07:27 | INFO     | 206 dossier(s) trouvé(s)
2026-05-15 19:07:27 | DEBUG    | → SYNO.FotoTeam.Browse.Item.list  {"offset": 0, "limit": 500, "additional": "[\"thumbnail\"]", "folder_id": 1}
2026-05-15 19:07:27 | DEBUG    | → SYNO.FotoTeam.Browse.Item.list  {"offset": 0, "limit": 500, "additional": "[\"thumbnail\"]", "folder_id": 2917}
2026-05-15 19:07:27 | DEBUG    | → SYNO.FotoTeam.Browse.Item.list  {"offset": 0, "limit": 500, "additional": "[\"thumbnail\"]", "folder_id": 1096}
2026-05-15 19:07:28 | DEBUG    | → SYNO.FotoTeam.Browse.Item.list  {"offset": 0, "limit": 500, "additional": "[\"thumbnail\"]", "folder_id": 1231}
2026-05-15 19:07:28 | DEBUG    | → SYNO.FotoTeam.Browse.Item.list  {"offset": 0, "limit": 500, "additional": "[\"thumbnail\"]", "folder_id": 1229}
2026-05-15 19:07:28 | INFO     |   200900 - Amsterdam                              188 photo(s)  [cumul : 188]
2026-05-15 19:07:28 | DEBUG    | → SYNO.FotoTeam.Browse.Item.list  {"offset": 0, "limit": 500, "additional": "[\"thumbnail\"]", "folder_id": 1255}
2026-05-15 19:07:28 | INFO     |   200902 - Inde photo d'Alexandrine               421 photo(s)  [cumul : 609]
2026-05-15 19:07:28 | DEBUG    | → SYNO.FotoTeam.Browse.Item.list  {"offset": 0, "limit": 500, "additional": "[\"thumbnail\"]", "folder_id": 1253}
2026-05-15 19:07:29 | INFO     |   200902 - Inde Yves                              468 photo(s)  [cumul : 1077]
2026-05-15 19:07:29 | DEBUG    | → SYNO.FotoTeam.Browse.Item.list  {"offset": 0, "limit": 500, "additional": "[\"thumbnail\"]", "folder_id": 1247}
2026-05-15 19:07:29 | INFO     |   200907 - Camille à Paris                        115 photo(s)  [cumul : 1192]
2026-05-15 19:07:29 | DEBUG    | → SYNO.FotoTeam.Browse.Item.list  {"offset": 0, "limit": 500, "additional": "[\"thumbnail\"]", "folder_id": 1272}
2026-05-15 19:07:29 | INFO     |   200909 - Marbella                               193 photo(s)  [cumul : 1385]
2026-05-15 19:07:29 | DEBUG    | → SYNO.FotoTeam.Browse.Item.list  {"offset": 0, "limit": 500, "additional": "[\"thumbnail\"]", "folder_id": 1095}
2026-05-15 19:07:29 | INFO     |   200910 - Yves et Candice                         60 photo(s)  [cumul : 1445]
2026-05-15 19:07:29 | DEBUG    | → SYNO.FotoTeam.Browse.Item.list  {"offset": 0, "limit": 500, "additional": "[\"thumbnail\"]", "folder_id": 1097}
2026-05-15 19:07:29 | INFO     |   201010 - Thailande 2010                           6 photo(s)  [cumul : 1451]
2026-05-15 19:07:29 | DEBUG    | → SYNO.FotoTeam.Browse.Item.list  {"offset": 0, "limit": 500, "additional": "[\"thumbnail\"]", "folder_id": 1098}
2026-05-15 19:07:29 | INFO     |   201105 - Rome 2011                                9 photo(s)  [cumul : 1460]
2026-05-15 19:07:29 | DEBUG    | → SYNO.FotoTeam.Browse.Item.list  {"offset": 0, "limit": 500, "additional": "[\"thumbnail\"]", "folder_id": 1099}
2026-05-15 19:07:29 | INFO     |   201107 - Candice 2011                             6 photo(s)  [cumul : 1466]
2026-05-15 19:07:29 | DEBUG    | → SYNO.FotoTeam.Browse.Item.list  {"offset": 0, "limit": 500, "additional": "[\"thumbnail\"]", "folder_id": 1100}
2026-05-15 19:07:30 | INFO     |   201108 - Aout 2011 - Normandie & Barcelone       11 photo(s)  [cumul : 1477]
2026-05-15 19:07:30 | DEBUG    | → SYNO.FotoTeam.Browse.Item.list  {"offset": 0, "limit": 500, "additional": "[\"thumbnail\"]", "folder_id": 1101}
2026-05-15 19:07:30 | INFO     |   201204 - Lou-Anne 1 Mois                         16 photo(s)  [cumul : 1493]
2026-05-15 19:07:30 | DEBUG    | → SYNO.FotoTeam.Browse.Item.list  {"offset": 0, "limit": 500, "additional": "[\"thumbnail\"]", "folder_id": 1102}
2026-05-15 19:07:30 | INFO     |   201205 - Lou-Anne 2 mois                         15 photo(s)  [cumul : 1508]
2026-05-15 19:07:30 | DEBUG    | → SYNO.FotoTeam.Browse.Item.list  {"offset": 0, "limit": 500, "additional": "[\"thumbnail\"]", "folder_id": 1103}
2026-05-15 19:07:30 | INFO     |   201206 - Lou-Anne 3 mois                         21 photo(s)  [cumul : 1529]
2026-05-15 19:07:30 | DEBUG    | → SYNO.FotoTeam.Browse.Item.list  {"offset": 0, "limit": 500, "additional": "[\"thumbnail\"]", "folder_id": 1104}
2026-05-15 19:07:30 | INFO     |   201212 - iphone candice dec 12                   59 photo(s)  [cumul : 1588]
2026-05-15 19:07:30 | DEBUG    | → SYNO.FotoTeam.Browse.Item.list  {"offset": 0, "limit": 500, "additional": "[\"thumbnail\"]", "folder_id": 1105}
2026-05-15 19:07:30 | INFO     |   201304 - Lou Anne Avril 2013                     35 photo(s)  [cumul : 1623]
2026-05-15 19:07:30 | DEBUG    | → SYNO.FotoTeam.Browse.Item.list  {"offset": 0, "limit": 500, "additional": "[\"thumbnail\"]", "folder_id": 1106}
2026-05-15 19:07:30 | INFO     |   201304 - Lou Avril                                2 photo(s)  [cumul : 1625]
2026-05-15 19:07:30 | DEBUG    | → SYNO.FotoTeam.Browse.Item.list  {"offset": 0, "limit": 500, "additional": "[\"thumbnail\"]", "folder_id": 1107}
2026-05-15 19:07:30 | INFO     |   201305 - Lou-Anne  Mai 2013                       8 photo(s)  [cumul : 1633]
2026-05-15 19:07:30 | DEBUG    | → SYNO.FotoTeam.Browse.Item.list  {"offset": 0, "limit": 500, "additional": "[\"thumbnail\"]", "folder_id": 1110}
2026-05-15 19:07:30 | INFO     |   201307 - Juillet 2013                             3 photo(s)  [cumul : 1636]
2026-05-15 19:07:30 | DEBUG    | → SYNO.FotoTeam.Browse.Item.list  {"offset": 0, "limit": 500, "additional": "[\"thumbnail\"]", "folder_id": 1111}
2026-05-15 19:07:30 | INFO     |   201307 - Lou-Anne 7 juillet 2013                  7 photo(s)  [cumul : 1643]
2026-05-15 19:07:30 | DEBUG    | → SYNO.FotoTeam.Browse.Item.list  {"offset": 0, "limit": 500, "additional": "[\"thumbnail\"]", "folder_id": 1112}
2026-05-15 19:07:30 | INFO     |   201307 - Lou-Anne Juin 2013 - 2                  26 photo(s)  [cumul : 1669]
2026-05-15 19:07:30 | DEBUG    | → SYNO.FotoTeam.Browse.Item.list  {"offset": 0, "limit": 500, "additional": "[\"thumbnail\"]", "folder_id": 1113}
2026-05-15 19:07:31 | INFO     |   201308 - Aout 2013                                6 photo(s)  [cumul : 1675]
2026-05-15 19:07:31 | DEBUG    | → SYNO.FotoTeam.Browse.Item.list  {"offset": 0, "limit": 500, "additional": "[\"thumbnail\"]", "folder_id": 1114}
2026-05-15 19:07:31 | INFO     |   201402 - Dans les bois Fev 2014                  10 photo(s)  [cumul : 1685]
2026-05-15 19:07:31 | DEBUG    | → SYNO.FotoTeam.Browse.Item.list  {"offset": 0, "limit": 500, "additional": "[\"thumbnail\"]", "folder_id": 1115}
2026-05-15 19:07:31 | INFO     |   201403 - Mars 2014                               28 photo(s)  [cumul : 1713]
2026-05-15 19:07:31 | DEBUG    | → SYNO.FotoTeam.Browse.Item.list  {"offset": 0, "limit": 500, "additional": "[\"thumbnail\"]", "folder_id": 1116}
2026-05-15 19:07:31 | INFO     |   201404 - Paques 2014                             55 photo(s)  [cumul : 1768]
2026-05-15 19:07:31 | DEBUG    | → SYNO.FotoTeam.Browse.Item.list  {"offset": 0, "limit": 500, "additional": "[\"thumbnail\"]", "folder_id": 1117}
2026-05-15 19:07:31 | INFO     |   201408 - Etel 2014                               37 photo(s)  [cumul : 1805]
2026-05-15 19:07:31 | DEBUG    | → SYNO.FotoTeam.Browse.Item.list  {"offset": 0, "limit": 500, "additional": "[\"thumbnail\"]", "folder_id": 1120}
2026-05-15 19:07:31 | INFO     |   201410 - Octobre 2014                             2 photo(s)  [cumul : 1807]
2026-05-15 19:07:31 | DEBUG    | → SYNO.FotoTeam.Browse.Item.list  {"offset": 0, "limit": 500, "additional": "[\"thumbnail\"]", "folder_id": 1121}
2026-05-15 19:07:31 | INFO     |   201502 - Hiver 2014-2015                         27 photo(s)  [cumul : 1834]
2026-05-15 19:07:31 | DEBUG    | → SYNO.FotoTeam.Browse.Item.list  {"offset": 0, "limit": 500, "additional": "[\"thumbnail\"]", "folder_id": 1122}
2026-05-15 19:07:31 | INFO     |   201507 - Mariage Yves et Candice                 72 photo(s)  [cumul : 1906]
2026-05-15 19:07:31 | DEBUG    | → SYNO.FotoTeam.Browse.Item.list  {"offset": 0, "limit": 500, "additional": "[\"thumbnail\"]", "folder_id": 1123}
2026-05-15 19:07:31 | INFO     |   201511 - Erwan                                   32 photo(s)  [cumul : 1938]
2026-05-15 19:07:31 | DEBUG    | → SYNO.FotoTeam.Browse.Item.list  {"offset": 0, "limit": 500, "additional": "[\"thumbnail\"]", "folder_id": 1124}
2026-05-15 19:07:31 | INFO     |   201601                                           51 photo(s)  [cumul : 1989]
2026-05-15 19:07:31 | DEBUG    | → SYNO.FotoTeam.Browse.Item.list  {"offset": 0, "limit": 500, "additional": "[\"thumbnail\"]", "folder_id": 1125}
2026-05-15 19:07:32 | INFO     |   201602                                           18 photo(s)  [cumul : 2007]
2026-05-15 19:07:32 | DEBUG    | → SYNO.FotoTeam.Browse.Item.list  {"offset": 0, "limit": 500, "additional": "[\"thumbnail\"]", "folder_id": 1126}
2026-05-15 19:07:32 | INFO     |   201603                                           60 photo(s)  [cumul : 2067]
2026-05-15 19:07:32 | DEBUG    | → SYNO.FotoTeam.Browse.Item.list  {"offset": 0, "limit": 500, "additional": "[\"thumbnail\"]", "folder_id": 1127}
2026-05-15 19:07:32 | INFO     |   201604                                            6 photo(s)  [cumul : 2073]
2026-05-15 19:07:32 | DEBUG    | → SYNO.FotoTeam.Browse.Item.list  {"offset": 0, "limit": 500, "additional": "[\"thumbnail\"]", "folder_id": 1128}
2026-05-15 19:07:32 | INFO     |   201605                                           20 photo(s)  [cumul : 2093]
2026-05-15 19:07:32 | DEBUG    | → SYNO.FotoTeam.Browse.Item.list  {"offset": 0, "limit": 500, "additional": "[\"thumbnail\"]", "folder_id": 1129}
2026-05-15 19:07:32 | INFO     |   201607 - Cap Ferret                              43 photo(s)  [cumul : 2136]
2026-05-15 19:07:32 | DEBUG    | → SYNO.FotoTeam.Browse.Item.list  {"offset": 0, "limit": 500, "additional": "[\"thumbnail\"]", "folder_id": 1130}
2026-05-15 19:07:32 | INFO     |   201608                                           36 photo(s)  [cumul : 2172]
2026-05-15 19:07:32 | DEBUG    | → SYNO.FotoTeam.Browse.Item.list  {"offset": 0, "limit": 500, "additional": "[\"thumbnail\"]", "folder_id": 1131}
2026-05-15 19:07:32 | INFO     |   201611 - Iphone Candice                          52 photo(s)  [cumul : 2224]
2026-05-15 19:07:32 | DEBUG    | → SYNO.FotoTeam.Browse.Item.list  {"offset": 0, "limit": 500, "additional": "[\"thumbnail\"]", "folder_id": 1132}
2026-05-15 19:07:33 | INFO     |   201701 - Iphone Candice                         333 photo(s)  [cumul : 2557]
2026-05-15 19:07:33 | DEBUG    | → SYNO.FotoTeam.Browse.Item.list  {"offset": 0, "limit": 500, "additional": "[\"thumbnail\"]", "folder_id": 1133}
2026-05-15 19:07:33 | INFO     |   201802                                          202 photo(s)  [cumul : 2759]
2026-05-15 19:07:33 | DEBUG    | → SYNO.FotoTeam.Browse.Item.list  {"offset": 0, "limit": 500, "additional": "[\"thumbnail\"]", "folder_id": 1135}
2026-05-15 19:07:33 | INFO     |   201805                                           96 photo(s)  [cumul : 2855]
2026-05-15 19:07:33 | DEBUG    | → SYNO.FotoTeam.Browse.Item.list  {"offset": 0, "limit": 500, "additional": "[\"thumbnail\"]", "folder_id": 1136}
2026-05-15 19:07:34 | INFO     |   201808                                          294 photo(s)  [cumul : 3149]
2026-05-15 19:07:34 | DEBUG    | → SYNO.FotoTeam.Browse.Item.list  {"offset": 0, "limit": 500, "additional": "[\"thumbnail\"]", "folder_id": 1138}
2026-05-15 19:07:34 | INFO     |   201809                                           91 photo(s)  [cumul : 3240]
2026-05-15 19:07:34 | DEBUG    | → SYNO.FotoTeam.Browse.Item.list  {"offset": 0, "limit": 500, "additional": "[\"thumbnail\"]", "folder_id": 1139}
2026-05-15 19:07:34 | INFO     |   201810                                          240 photo(s)  [cumul : 3480]
2026-05-15 19:07:34 | DEBUG    | → SYNO.FotoTeam.Browse.Item.list  {"offset": 0, "limit": 500, "additional": "[\"thumbnail\"]", "folder_id": 1140}
2026-05-15 19:07:34 | INFO     |   201811                                          158 photo(s)  [cumul : 3638]
2026-05-15 19:07:34 | DEBUG    | → SYNO.FotoTeam.Browse.Item.list  {"offset": 0, "limit": 500, "additional": "[\"thumbnail\"]", "folder_id": 1141}
2026-05-15 19:07:34 | INFO     |   201811-Max                                       11 photo(s)  [cumul : 3649]
2026-05-15 19:07:34 | DEBUG    | → SYNO.FotoTeam.Browse.Item.list  {"offset": 0, "limit": 500, "additional": "[\"thumbnail\"]", "folder_id": 1142}
2026-05-15 19:07:35 | INFO     |   201812 - Noel                                   440 photo(s)  [cumul : 4089]
2026-05-15 19:07:35 | DEBUG    | → SYNO.FotoTeam.Browse.Item.list  {"offset": 0, "limit": 500, "additional": "[\"thumbnail\"]", "folder_id": 1144}
2026-05-15 19:07:35 | INFO     |   201812-2                                        122 photo(s)  [cumul : 4211]
2026-05-15 19:07:35 | DEBUG    | → SYNO.FotoTeam.Browse.Item.list  {"offset": 0, "limit": 500, "additional": "[\"thumbnail\"]", "folder_id": 1145}
2026-05-15 19:07:35 | INFO     |   201812-3                                        390 photo(s)  [cumul : 4601]
2026-05-15 19:07:35 | DEBUG    | → SYNO.FotoTeam.Browse.Item.list  {"offset": 0, "limit": 500, "additional": "[\"thumbnail\"]", "folder_id": 1192}
2026-05-15 19:07:35 | INFO     |   201812-Photos de Lou-Anne                       166 photo(s)  [cumul : 4767]
2026-05-15 19:07:35 | DEBUG    | → SYNO.FotoTeam.Browse.Item.list  {"offset": 0, "limit": 500, "additional": "[\"thumbnail\"]", "folder_id": 1193}
2026-05-15 19:07:36 | INFO     |   201902                                          153 photo(s)  [cumul : 4920]
2026-05-15 19:07:36 | DEBUG    | → SYNO.FotoTeam.Browse.Item.list  {"offset": 0, "limit": 500, "additional": "[\"thumbnail\"]", "folder_id": 1194}
2026-05-15 19:07:36 | INFO     |   201904                                          366 photo(s)  [cumul : 5286]
2026-05-15 19:07:36 | DEBUG    | → SYNO.FotoTeam.Browse.Item.list  {"offset": 0, "limit": 500, "additional": "[\"thumbnail\"]", "folder_id": 1195}
2026-05-15 19:07:36 | INFO     |   201904-2                                        131 photo(s)  [cumul : 5417]
2026-05-15 19:07:36 | DEBUG    | → SYNO.FotoTeam.Browse.Item.list  {"offset": 0, "limit": 500, "additional": "[\"thumbnail\"]", "folder_id": 1196}
2026-05-15 19:07:37 | INFO     |   201905 - Etel                                   249 photo(s)  [cumul : 5666]
2026-05-15 19:07:37 | DEBUG    | → SYNO.FotoTeam.Browse.Item.list  {"offset": 0, "limit": 500, "additional": "[\"thumbnail\"]", "folder_id": 1197}
2026-05-15 19:07:37 | INFO     |   201911                                          134 photo(s)  [cumul : 5800]
2026-05-15 19:07:37 | DEBUG    | → SYNO.FotoTeam.Browse.Item.list  {"offset": 0, "limit": 500, "additional": "[\"thumbnail\"]", "folder_id": 1198}
2026-05-15 19:07:37 | INFO     |   202006                                          303 photo(s)  [cumul : 6103]
2026-05-15 19:07:37 | DEBUG    | → SYNO.FotoTeam.Browse.Item.list  {"offset": 0, "limit": 500, "additional": "[\"thumbnail\"]", "folder_id": 1199}
2026-05-15 19:07:38 | INFO     |   202007 Bridge                                   453 photo(s)  [cumul : 6556]
2026-05-15 19:07:38 | DEBUG    | → SYNO.FotoTeam.Browse.Item.list  {"offset": 0, "limit": 500, "additional": "[\"thumbnail\"]", "folder_id": 1200}
2026-05-15 19:07:38 | INFO     |   202008 Rflexx                                   288 photo(s)  [cumul : 6844]
2026-05-15 19:07:38 | DEBUG    | → SYNO.FotoTeam.Browse.Item.list  {"offset": 0, "limit": 500, "additional": "[\"thumbnail\"]", "folder_id": 1201}
2026-05-15 19:07:38 | INFO     |   202012 - Flashmob Erwan                           5 photo(s)  [cumul : 6849]
2026-05-15 19:07:38 | DEBUG    | → SYNO.FotoTeam.Browse.Item.list  {"offset": 0, "limit": 500, "additional": "[\"thumbnail\"]", "folder_id": 1202}
2026-05-15 19:07:38 | INFO     |   202101                                          228 photo(s)  [cumul : 7077]
2026-05-15 19:07:38 | DEBUG    | → SYNO.FotoTeam.Browse.Item.list  {"offset": 0, "limit": 500, "additional": "[\"thumbnail\"]", "folder_id": 1203}
2026-05-15 19:07:38 | INFO     |   202102 - Photo Appart                            83 photo(s)  [cumul : 7160]
2026-05-15 19:07:38 | DEBUG    | → SYNO.FotoTeam.Browse.Item.list  {"offset": 0, "limit": 500, "additional": "[\"thumbnail\"]", "folder_id": 1204}
2026-05-15 19:07:38 | INFO     |   202104                                          128 photo(s)  [cumul : 7288]
2026-05-15 19:07:38 | DEBUG    | → SYNO.FotoTeam.Browse.Item.list  {"offset": 0, "limit": 500, "additional": "[\"thumbnail\"]", "folder_id": 1205}
2026-05-15 19:07:39 | INFO     |   202106 - Maison Aumenancourt                    417 photo(s)  [cumul : 7705]
2026-05-15 19:07:39 | DEBUG    | → SYNO.FotoTeam.Browse.Item.list  {"offset": 0, "limit": 500, "additional": "[\"thumbnail\"]", "folder_id": 1207}
2026-05-15 19:07:39 | DEBUG    | → SYNO.FotoTeam.Browse.Item.list  {"offset": 500, "limit": 500, "additional": "[\"thumbnail\"]", "folder_id": 1207}
2026-05-15 19:07:39 | INFO     |   202108                                          703 photo(s)  [cumul : 8408]
2026-05-15 19:07:39 | DEBUG    | → SYNO.FotoTeam.Browse.Item.list  {"offset": 0, "limit": 500, "additional": "[\"thumbnail\"]", "folder_id": 1208}
2026-05-15 19:07:40 | INFO     |   202111                                           32 photo(s)  [cumul : 8440]
2026-05-15 19:07:40 | DEBUG    | → SYNO.FotoTeam.Browse.Item.list  {"offset": 0, "limit": 500, "additional": "[\"thumbnail\"]", "folder_id": 1209}
2026-05-15 19:07:40 | INFO     |   202204                                          263 photo(s)  [cumul : 8703]
2026-05-15 19:07:40 | DEBUG    | → SYNO.FotoTeam.Browse.Item.list  {"offset": 0, "limit": 500, "additional": "[\"thumbnail\"]", "folder_id": 1210}
2026-05-15 19:07:40 | INFO     |   202204 - Photo d'erwan                          242 photo(s)  [cumul : 8945]
2026-05-15 19:07:40 | DEBUG    | → SYNO.FotoTeam.Browse.Item.list  {"offset": 0, "limit": 500, "additional": "[\"thumbnail\"]", "folder_id": 1211}
2026-05-15 19:07:41 | INFO     |   202205                                          125 photo(s)  [cumul : 9070]
2026-05-15 19:07:41 | DEBUG    | → SYNO.FotoTeam.Browse.Item.list  {"offset": 0, "limit": 500, "additional": "[\"thumbnail\"]", "folder_id": 1212}
2026-05-15 19:07:41 | INFO     |   202206                                          109 photo(s)  [cumul : 9179]
2026-05-15 19:07:41 | DEBUG    | → SYNO.FotoTeam.Browse.Item.list  {"offset": 0, "limit": 500, "additional": "[\"thumbnail\"]", "folder_id": 1213}
2026-05-15 19:07:41 | INFO     |   202208                                           80 photo(s)  [cumul : 9259]
2026-05-15 19:07:41 | DEBUG    | → SYNO.FotoTeam.Browse.Item.list  {"offset": 0, "limit": 500, "additional": "[\"thumbnail\"]", "folder_id": 1214}
2026-05-15 19:07:41 | DEBUG    | → SYNO.FotoTeam.Browse.Item.list  {"offset": 0, "limit": 500, "additional": "[\"thumbnail\"]", "folder_id": 1227}
2026-05-15 19:07:41 | INFO     |   202308                                          207 photo(s)  [cumul : 9466]
2026-05-15 19:07:41 | DEBUG    | → SYNO.FotoTeam.Browse.Item.list  {"offset": 0, "limit": 500, "additional": "[\"thumbnail\"]", "folder_id": 1228}
2026-05-15 19:07:41 | INFO     |   202312                                          138 photo(s)  [cumul : 9604]
2026-05-15 19:07:41 | DEBUG    | → SYNO.FotoTeam.Browse.Item.list  {"offset": 0, "limit": 500, "additional": "[\"thumbnail\"]", "folder_id": 1752}
2026-05-15 19:07:42 | INFO     |   202405                                          135 photo(s)  [cumul : 9739]
2026-05-15 19:07:42 | DEBUG    | → SYNO.FotoTeam.Browse.Item.list  {"offset": 0, "limit": 500, "additional": "[\"thumbnail\"]", "folder_id": 1902}
2026-05-15 19:07:43 | INFO     |   202408                                          113 photo(s)  [cumul : 9852]
2026-05-15 19:07:43 | DEBUG    | → SYNO.FotoTeam.Browse.Item.list  {"offset": 0, "limit": 500, "additional": "[\"thumbnail\"]", "folder_id": 1906}
2026-05-15 19:07:43 | INFO     |   202410                                           98 photo(s)  [cumul : 9950]
2026-05-15 19:07:43 | DEBUG    | → SYNO.FotoTeam.Browse.Item.list  {"offset": 0, "limit": 500, "additional": "[\"thumbnail\"]", "folder_id": 2450}
2026-05-15 19:07:43 | INFO     |   202506                                          121 photo(s)  [cumul : 10071]
2026-05-15 19:07:43 | DEBUG    | → SYNO.FotoTeam.Browse.Item.list  {"offset": 0, "limit": 500, "additional": "[\"thumbnail\"]", "folder_id": 2663}
2026-05-15 19:07:44 | INFO     |   202507                                          126 photo(s)  [cumul : 10197]
2026-05-15 19:07:44 | DEBUG    | → SYNO.FotoTeam.Browse.Item.list  {"offset": 0, "limit": 500, "additional": "[\"thumbnail\"]", "folder_id": 2662}
2026-05-15 19:07:45 | INFO     |   202507 - PISTACHE TEAM OVAL CINEMA              315 photo(s)  [cumul : 10512]
2026-05-15 19:07:45 | DEBUG    | → SYNO.FotoTeam.Browse.Item.list  {"offset": 0, "limit": 500, "additional": "[\"thumbnail\"]", "folder_id": 2851}
2026-05-15 19:07:45 | INFO     |   202508 - Normandie                              111 photo(s)  [cumul : 10623]
2026-05-15 19:07:45 | DEBUG    | → SYNO.FotoTeam.Browse.Item.list  {"offset": 0, "limit": 500, "additional": "[\"thumbnail\"]", "folder_id": 2665}
2026-05-15 19:07:46 | INFO     |   202508 - Sanguinet                              434 photo(s)  [cumul : 11057]
2026-05-15 19:07:46 | DEBUG    | → SYNO.FotoTeam.Browse.Item.list  {"offset": 0, "limit": 500, "additional": "[\"thumbnail\"]", "folder_id": 2852}
2026-05-15 19:07:46 | INFO     |   202508 - Zoo Beauval                             35 photo(s)  [cumul : 11092]
2026-05-15 19:07:46 | DEBUG    | → SYNO.FotoTeam.Browse.Item.list  {"offset": 0, "limit": 500, "additional": "[\"thumbnail\"]", "folder_id": 2929}
2026-05-15 19:07:46 | INFO     |   202512                                           32 photo(s)  [cumul : 11124]
2026-05-15 19:07:46 | DEBUG    | → SYNO.FotoTeam.Browse.Item.list  {"offset": 0, "limit": 500, "additional": "[\"thumbnail\"]", "folder_id": 2974}
2026-05-15 19:07:47 | INFO     |   202604 - Londres                                265 photo(s)  [cumul : 11389]
2026-05-15 19:07:47 | DEBUG    | → SYNO.FotoTeam.Browse.Item.list  {"offset": 0, "limit": 500, "additional": "[\"thumbnail\"]", "folder_id": 1681}
2026-05-15 19:07:47 | DEBUG    | → SYNO.FotoTeam.Browse.Item.list  {"offset": 0, "limit": 500, "additional": "[\"thumbnail\"]", "folder_id": 1274}
2026-05-15 19:07:47 | DEBUG    | → SYNO.FotoTeam.Browse.Item.list  {"offset": 0, "limit": 500, "additional": "[\"thumbnail\"]", "folder_id": 2447}
2026-05-15 19:07:47 | DEBUG    | → SYNO.FotoTeam.Browse.Item.list  {"offset": 0, "limit": 500, "additional": "[\"thumbnail\"]", "folder_id": 1669}
2026-05-15 19:07:47 | INFO     |   Random36                                         42 photo(s)  [cumul : 11431]
2026-05-15 19:07:47 | DEBUG    | → SYNO.FotoTeam.Browse.Item.list  {"offset": 0, "limit": 500, "additional": "[\"thumbnail\"]", "folder_id": 1680}
2026-05-15 19:07:47 | INFO     |   Video - Erwan                                     4 photo(s)  [cumul : 11435]
2026-05-15 19:07:47 | DEBUG    | → SYNO.FotoTeam.Browse.Item.list  {"offset": 0, "limit": 500, "additional": "[\"thumbnail\"]", "folder_id": 1252}
2026-05-15 19:07:47 | INFO     |   Video - Grand parents Candice                     2 photo(s)  [cumul : 11437]
2026-05-15 19:07:47 | DEBUG    | → SYNO.FotoTeam.Browse.Item.list  {"offset": 0, "limit": 500, "additional": "[\"thumbnail\"]", "folder_id": 1679}
2026-05-15 19:07:48 | INFO     |   Video - Lou-Anne                                138 photo(s)  [cumul : 11575]
2026-05-15 19:07:48 | DEBUG    | → SYNO.FotoTeam.Browse.Item.list  {"offset": 0, "limit": 500, "additional": "[\"thumbnail\"]", "folder_id": 2093}
2026-05-15 19:07:48 | INFO     |   Video - Perso                                    56 photo(s)  [cumul : 11631]
2026-05-15 19:07:48 | DEBUG    | → SYNO.FotoTeam.Browse.Item.list  {"offset": 0, "limit": 500, "additional": "[\"thumbnail\"]", "folder_id": 1676}
2026-05-15 19:07:49 | DEBUG    | → SYNO.FotoTeam.Browse.Item.list  {"offset": 500, "limit": 500, "additional": "[\"thumbnail\"]", "folder_id": 1676}
2026-05-15 19:07:49 | DEBUG    | → SYNO.FotoTeam.Browse.Item.list  {"offset": 1000, "limit": 500, "additional": "[\"thumbnail\"]", "folder_id": 1676}
2026-05-15 19:07:50 | DEBUG    | → SYNO.FotoTeam.Browse.Item.list  {"offset": 1500, "limit": 500, "additional": "[\"thumbnail\"]", "folder_id": 1676}
2026-05-15 19:07:50 | DEBUG    | → SYNO.FotoTeam.Browse.Item.list  {"offset": 2000, "limit": 500, "additional": "[\"thumbnail\"]", "folder_id": 1676}
2026-05-15 19:07:50 | DEBUG    | → SYNO.FotoTeam.Browse.Item.list  {"offset": 2500, "limit": 500, "additional": "[\"thumbnail\"]", "folder_id": 1676}
2026-05-15 19:07:51 | DEBUG    | → SYNO.FotoTeam.Browse.Item.list  {"offset": 3000, "limit": 500, "additional": "[\"thumbnail\"]", "folder_id": 1676}
2026-05-15 19:07:51 | DEBUG    | → SYNO.FotoTeam.Browse.Item.list  {"offset": 3500, "limit": 500, "additional": "[\"thumbnail\"]", "folder_id": 1676}
2026-05-15 19:07:52 | DEBUG    | → SYNO.FotoTeam.Browse.Item.list  {"offset": 4000, "limit": 500, "additional": "[\"thumbnail\"]", "folder_id": 1676}
2026-05-15 19:07:52 | DEBUG    | → SYNO.FotoTeam.Browse.Item.list  {"offset": 4500, "limit": 500, "additional": "[\"thumbnail\"]", "folder_id": 1676}
2026-05-15 19:07:53 | DEBUG    | → SYNO.FotoTeam.Browse.Item.list  {"offset": 5000, "limit": 500, "additional": "[\"thumbnail\"]", "folder_id": 1676}
2026-05-15 19:07:53 | INFO     |   Video - ToutesLesVideoGoogleYves               5035 photo(s)  [cumul : 16666]
2026-05-15 19:07:53 | DEBUG    | → SYNO.FotoTeam.Browse.Item.list  {"offset": 0, "limit": 500, "additional": "[\"thumbnail\"]", "folder_id": 2918}
2026-05-15 19:07:53 | INFO     |   .dtrash//.dtrash/files                            1 photo(s)  [cumul : 16667]
2026-05-15 19:07:53 | DEBUG    | → SYNO.FotoTeam.Browse.Item.list  {"offset": 0, "limit": 500, "additional": "[\"thumbnail\"]", "folder_id": 2919}
2026-05-15 19:07:53 | DEBUG    | → SYNO.FotoTeam.Browse.Item.list  {"offset": 0, "limit": 500, "additional": "[\"thumbnail\"]", "folder_id": 1232}
2026-05-15 19:07:54 | DEBUG    | → SYNO.FotoTeam.Browse.Item.list  {"offset": 500, "limit": 500, "additional": "[\"thumbnail\"]", "folder_id": 1232}
2026-05-15 19:07:54 | INFO     |   200700 - et Avant//200700 - et Avant/200202 -   725 photo(s)  [cumul : 17392]
2026-05-15 19:07:54 | DEBUG    | → SYNO.FotoTeam.Browse.Item.list  {"offset": 0, "limit": 500, "additional": "[\"thumbnail\"]", "folder_id": 1233}
2026-05-15 19:07:54 | INFO     |   200700 - et Avant//200700 - et Avant/Appart 1    74 photo(s)  [cumul : 17466]
2026-05-15 19:07:54 | DEBUG    | → SYNO.FotoTeam.Browse.Item.list  {"offset": 0, "limit": 500, "additional": "[\"thumbnail\"]", "folder_id": 1234}
2026-05-15 19:07:55 | INFO     |   200700 - et Avant//200700 - et Avant/Appart 1   180 photo(s)  [cumul : 17646]
2026-05-15 19:07:55 | DEBUG    | → SYNO.FotoTeam.Browse.Item.list  {"offset": 0, "limit": 500, "additional": "[\"thumbnail\"]", "folder_id": 1235}
2026-05-15 19:07:55 | INFO     |   200700 - et Avant//200700 - et Avant/Benin      472 photo(s)  [cumul : 18118]
2026-05-15 19:07:55 | DEBUG    | → SYNO.FotoTeam.Browse.Item.list  {"offset": 0, "limit": 500, "additional": "[\"thumbnail\"]", "folder_id": 1236}
2026-05-15 19:07:55 | INFO     |   200700 - et Avant//200700 - et Avant/Canada      99 photo(s)  [cumul : 18217]
2026-05-15 19:07:55 | DEBUG    | → SYNO.FotoTeam.Browse.Item.list  {"offset": 0, "limit": 500, "additional": "[\"thumbnail\"]", "folder_id": 1237}
2026-05-15 19:07:55 | INFO     |   200700 - et Avant//200700 - et Avant/Copains    161 photo(s)  [cumul : 18378]
2026-05-15 19:07:55 | DEBUG    | → SYNO.FotoTeam.Browse.Item.list  {"offset": 0, "limit": 500, "additional": "[\"thumbnail\"]", "folder_id": 1238}
2026-05-15 19:07:56 | INFO     |   200700 - et Avant//200700 - et Avant/Cremaill   209 photo(s)  [cumul : 18587]
2026-05-15 19:07:56 | DEBUG    | → SYNO.FotoTeam.Browse.Item.list  {"offset": 0, "limit": 500, "additional": "[\"thumbnail\"]", "folder_id": 1239}
2026-05-15 19:07:56 | INFO     |   200700 - et Avant//200700 - et Avant/Mariage     80 photo(s)  [cumul : 18667]
2026-05-15 19:07:56 | DEBUG    | → SYNO.FotoTeam.Browse.Item.list  {"offset": 0, "limit": 500, "additional": "[\"thumbnail\"]", "folder_id": 1240}
2026-05-15 19:07:56 | INFO     |   200700 - et Avant//200700 - et Avant/Namibie    270 photo(s)  [cumul : 18937]
2026-05-15 19:07:56 | DEBUG    | → SYNO.FotoTeam.Browse.Item.list  {"offset": 0, "limit": 500, "additional": "[\"thumbnail\"]", "folder_id": 1241}
2026-05-15 19:07:57 | INFO     |   200700 - et Avant//200700 - et Avant/New-Yaor   165 photo(s)  [cumul : 19102]
2026-05-15 19:07:57 | DEBUG    | → SYNO.FotoTeam.Browse.Item.list  {"offset": 0, "limit": 500, "additional": "[\"thumbnail\"]", "folder_id": 1242}
2026-05-15 19:07:57 | INFO     |   200700 - et Avant//200700 - et Avant/Nieces     223 photo(s)  [cumul : 19325]
2026-05-15 19:07:57 | DEBUG    | → SYNO.FotoTeam.Browse.Item.list  {"offset": 0, "limit": 500, "additional": "[\"thumbnail\"]", "folder_id": 1243}
2026-05-15 19:07:57 | INFO     |   200700 - et Avant//200700 - et Avant/Paris       17 photo(s)  [cumul : 19342]
2026-05-15 19:07:57 | DEBUG    | → SYNO.FotoTeam.Browse.Item.list  {"offset": 0, "limit": 500, "additional": "[\"thumbnail\"]", "folder_id": 1244}
2026-05-15 19:07:57 | INFO     |   200700 - et Avant//200700 - et Avant/Reunion    395 photo(s)  [cumul : 19737]
2026-05-15 19:07:57 | DEBUG    | → SYNO.FotoTeam.Browse.Item.list  {"offset": 0, "limit": 500, "additional": "[\"thumbnail\"]", "folder_id": 1245}
2026-05-15 19:07:57 | INFO     |   200700 - et Avant//200700 - et Avant/San Fran   308 photo(s)  [cumul : 20045]
2026-05-15 19:07:57 | DEBUG    | → SYNO.FotoTeam.Browse.Item.list  {"offset": 0, "limit": 500, "additional": "[\"thumbnail\"]", "folder_id": 1230}
2026-05-15 19:07:58 | INFO     |   200900 - Amsterdam//200900 - Amsterdam/.picas   161 photo(s)  [cumul : 20206]
2026-05-15 19:07:58 | DEBUG    | → SYNO.FotoTeam.Browse.Item.list  {"offset": 0, "limit": 500, "additional": "[\"thumbnail\"]", "folder_id": 1256}
2026-05-15 19:07:58 | INFO     |   200902 - Inde photo d'Alexandrine//200902 - I     1 photo(s)  [cumul : 20207]
2026-05-15 19:07:58 | DEBUG    | → SYNO.FotoTeam.Browse.Item.list  {"offset": 0, "limit": 500, "additional": "[\"thumbnail\"]", "folder_id": 1254}
2026-05-15 19:07:58 | INFO     |   200902 - Inde Yves//200902 - Inde Yves/.picas     7 photo(s)  [cumul : 20214]
2026-05-15 19:07:58 | DEBUG    | → SYNO.FotoTeam.Browse.Item.list  {"offset": 0, "limit": 500, "additional": "[\"thumbnail\"]", "folder_id": 1273}
2026-05-15 19:07:58 | INFO     |   200909 - Marbella//200909 - Marbella/.picasao   124 photo(s)  [cumul : 20338]
2026-05-15 19:07:58 | DEBUG    | → SYNO.FotoTeam.Browse.Item.list  {"offset": 0, "limit": 500, "additional": "[\"thumbnail\"]", "folder_id": 2133}
2026-05-15 19:07:58 | DEBUG    | → SYNO.FotoTeam.Browse.Item.list  {"offset": 0, "limit": 500, "additional": "[\"thumbnail\"]", "folder_id": 1109}
2026-05-15 19:07:58 | INFO     |   201108 - Aout 2011 - Normandie & Barcelone//2     6 photo(s)  [cumul : 20344]
2026-05-15 19:07:58 | DEBUG    | → SYNO.FotoTeam.Browse.Item.list  {"offset": 0, "limit": 500, "additional": "[\"thumbnail\"]", "folder_id": 1108}
2026-05-15 19:07:59 | INFO     |   201212 - iphone candice dec 12//201212 - ipho   129 photo(s)  [cumul : 20473]
2026-05-15 19:07:59 | DEBUG    | → SYNO.FotoTeam.Browse.Item.list  {"offset": 0, "limit": 500, "additional": "[\"thumbnail\"]", "folder_id": 1118}
2026-05-15 19:07:59 | INFO     |   201408 - Etel 2014//201408 - Etel 2014/Etel 2    50 photo(s)  [cumul : 20523]
2026-05-15 19:07:59 | DEBUG    | → SYNO.FotoTeam.Browse.Item.list  {"offset": 0, "limit": 500, "additional": "[\"thumbnail\"]", "folder_id": 1119}
2026-05-15 19:07:59 | INFO     |   201408 - Etel 2014//201408 - Etel 2014/Etel 2     4 photo(s)  [cumul : 20527]
2026-05-15 19:07:59 | DEBUG    | → SYNO.FotoTeam.Browse.Item.list  {"offset": 0, "limit": 500, "additional": "[\"thumbnail\"]", "folder_id": 1134}
2026-05-15 19:07:59 | INFO     |   201802//201802/2017-2018_Erwan Grenadine         62 photo(s)  [cumul : 20589]
2026-05-15 19:07:59 | DEBUG    | → SYNO.FotoTeam.Browse.Item.list  {"offset": 0, "limit": 500, "additional": "[\"thumbnail\"]", "folder_id": 1137}
2026-05-15 19:07:59 | INFO     |   201808//201808/Identité                           1 photo(s)  [cumul : 20590]
2026-05-15 19:07:59 | DEBUG    | → SYNO.FotoTeam.Browse.Item.list  {"offset": 0, "limit": 500, "additional": "[\"thumbnail\"]", "folder_id": 1143}
2026-05-15 19:07:59 | INFO     |   201812 - Noel//201812 - Noel/best                53 photo(s)  [cumul : 20643]
2026-05-15 19:07:59 | DEBUG    | → SYNO.FotoTeam.Browse.Item.list  {"offset": 0, "limit": 500, "additional": "[\"thumbnail\"]", "folder_id": 1146}
2026-05-15 19:08:00 | INFO     |   201812-3//201812-3/201908                       256 photo(s)  [cumul : 20899]
2026-05-15 19:08:00 | DEBUG    | → SYNO.FotoTeam.Browse.Item.list  {"offset": 0, "limit": 500, "additional": "[\"thumbnail\"]", "folder_id": 1206}
2026-05-15 19:08:00 | INFO     |   202106 - Maison Aumenancourt//202106 - Maison    60 photo(s)  [cumul : 20959]
2026-05-15 19:08:00 | DEBUG    | → SYNO.FotoTeam.Browse.Item.list  {"offset": 0, "limit": 500, "additional": "[\"thumbnail\"]", "folder_id": 1215}
2026-05-15 19:08:00 | DEBUG    | → SYNO.FotoTeam.Browse.Item.list  {"offset": 0, "limit": 500, "additional": "[\"thumbnail\"]", "folder_id": 1693}
2026-05-15 19:08:00 | DEBUG    | → SYNO.FotoTeam.Browse.Item.list  {"offset": 0, "limit": 500, "additional": "[\"thumbnail\"]", "folder_id": 1691}
2026-05-15 19:08:00 | DEBUG    | → SYNO.FotoTeam.Browse.Item.list  {"offset": 0, "limit": 500, "additional": "[\"thumbnail\"]", "folder_id": 1682}
2026-05-15 19:08:00 | DEBUG    | → SYNO.FotoTeam.Browse.Item.list  {"offset": 0, "limit": 500, "additional": "[\"thumbnail\"]", "folder_id": 1275}
2026-05-15 19:08:00 | DEBUG    | → SYNO.FotoTeam.Browse.Item.list  {"offset": 0, "limit": 500, "additional": "[\"thumbnail\"]", "folder_id": 2094}
2026-05-15 19:08:00 | DEBUG    | → SYNO.FotoTeam.Browse.Item.list  {"offset": 0, "limit": 500, "additional": "[\"thumbnail\"]", "folder_id": 2097}
2026-05-15 19:08:00 | INFO     |   Video - Perso//Video - Perso/Video Candice 2      6 photo(s)  [cumul : 20965]
2026-05-15 19:08:00 | DEBUG    | → SYNO.FotoTeam.Browse.Item.list  {"offset": 0, "limit": 500, "additional": "[\"thumbnail\"]", "folder_id": 2098}
2026-05-15 19:08:00 | INFO     |   Video - Perso//Video - Perso/Video Candice Ip    29 photo(s)  [cumul : 20994]
2026-05-15 19:08:00 | DEBUG    | → SYNO.FotoTeam.Browse.Item.list  {"offset": 0, "limit": 500, "additional": "[\"thumbnail\"]", "folder_id": 2134}
2026-05-15 19:08:01 | INFO     |   200910 - Yves et Candice//200910 - Yves et Ca    29 photo(s)  [cumul : 21023]
2026-05-15 19:08:01 | DEBUG    | → SYNO.FotoTeam.Browse.Item.list  {"offset": 0, "limit": 500, "additional": "[\"thumbnail\"]", "folder_id": 1150}
2026-05-15 19:08:01 | INFO     |   201812-3//201812-3/201908//201812-3/201908/20     6 photo(s)  [cumul : 21029]
2026-05-15 19:08:01 | DEBUG    | → SYNO.FotoTeam.Browse.Item.list  {"offset": 0, "limit": 500, "additional": "[\"thumbnail\"]", "folder_id": 1151}
2026-05-15 19:08:01 | INFO     |   201812-3//201812-3/201908//201812-3/201908/20     9 photo(s)  [cumul : 21038]
2026-05-15 19:08:01 | DEBUG    | → SYNO.FotoTeam.Browse.Item.list  {"offset": 0, "limit": 500, "additional": "[\"thumbnail\"]", "folder_id": 1152}
2026-05-15 19:08:01 | INFO     |   201812-3//201812-3/201908//201812-3/201908/20     6 photo(s)  [cumul : 21044]
2026-05-15 19:08:01 | DEBUG    | → SYNO.FotoTeam.Browse.Item.list  {"offset": 0, "limit": 500, "additional": "[\"thumbnail\"]", "folder_id": 1153}
2026-05-15 19:08:01 | INFO     |   201812-3//201812-3/201908//201812-3/201908/20    11 photo(s)  [cumul : 21055]
2026-05-15 19:08:01 | DEBUG    | → SYNO.FotoTeam.Browse.Item.list  {"offset": 0, "limit": 500, "additional": "[\"thumbnail\"]", "folder_id": 1154}
2026-05-15 19:08:01 | INFO     |   201812-3//201812-3/201908//201812-3/201908/20    16 photo(s)  [cumul : 21071]
2026-05-15 19:08:01 | DEBUG    | → SYNO.FotoTeam.Browse.Item.list  {"offset": 0, "limit": 500, "additional": "[\"thumbnail\"]", "folder_id": 1155}
2026-05-15 19:08:01 | INFO     |   201812-3//201812-3/201908//201812-3/201908/20    15 photo(s)  [cumul : 21086]
2026-05-15 19:08:01 | DEBUG    | → SYNO.FotoTeam.Browse.Item.list  {"offset": 0, "limit": 500, "additional": "[\"thumbnail\"]", "folder_id": 1156}
2026-05-15 19:08:01 | INFO     |   201812-3//201812-3/201908//201812-3/201908/20    21 photo(s)  [cumul : 21107]
2026-05-15 19:08:01 | DEBUG    | → SYNO.FotoTeam.Browse.Item.list  {"offset": 0, "limit": 500, "additional": "[\"thumbnail\"]", "folder_id": 1157}
2026-05-15 19:08:01 | INFO     |   201812-3//201812-3/201908//201812-3/201908/20    59 photo(s)  [cumul : 21166]
2026-05-15 19:08:01 | DEBUG    | → SYNO.FotoTeam.Browse.Item.list  {"offset": 0, "limit": 500, "additional": "[\"thumbnail\"]", "folder_id": 1158}
2026-05-15 19:08:01 | INFO     |   201812-3//201812-3/201908//201812-3/201908/20    35 photo(s)  [cumul : 21201]
2026-05-15 19:08:01 | DEBUG    | → SYNO.FotoTeam.Browse.Item.list  {"offset": 0, "limit": 500, "additional": "[\"thumbnail\"]", "folder_id": 1159}
2026-05-15 19:08:02 | INFO     |   201812-3//201812-3/201908//201812-3/201908/20     2 photo(s)  [cumul : 21203]
2026-05-15 19:08:02 | DEBUG    | → SYNO.FotoTeam.Browse.Item.list  {"offset": 0, "limit": 500, "additional": "[\"thumbnail\"]", "folder_id": 1160}
2026-05-15 19:08:02 | INFO     |   201812-3//201812-3/201908//201812-3/201908/20     8 photo(s)  [cumul : 21211]
2026-05-15 19:08:02 | DEBUG    | → SYNO.FotoTeam.Browse.Item.list  {"offset": 0, "limit": 500, "additional": "[\"thumbnail\"]", "folder_id": 1161}
2026-05-15 19:08:02 | INFO     |   201812-3//201812-3/201908//201812-3/201908/20   129 photo(s)  [cumul : 21340]
2026-05-15 19:08:02 | DEBUG    | → SYNO.FotoTeam.Browse.Item.list  {"offset": 0, "limit": 500, "additional": "[\"thumbnail\"]", "folder_id": 1162}
2026-05-15 19:08:02 | INFO     |   201812-3//201812-3/201908//201812-3/201908/20     6 photo(s)  [cumul : 21346]
2026-05-15 19:08:02 | DEBUG    | → SYNO.FotoTeam.Browse.Item.list  {"offset": 0, "limit": 500, "additional": "[\"thumbnail\"]", "folder_id": 1163}
2026-05-15 19:08:02 | INFO     |   201812-3//201812-3/201908//201812-3/201908/20     3 photo(s)  [cumul : 21349]
2026-05-15 19:08:02 | DEBUG    | → SYNO.FotoTeam.Browse.Item.list  {"offset": 0, "limit": 500, "additional": "[\"thumbnail\"]", "folder_id": 1164}
2026-05-15 19:08:02 | INFO     |   201812-3//201812-3/201908//201812-3/201908/20     7 photo(s)  [cumul : 21356]
2026-05-15 19:08:02 | DEBUG    | → SYNO.FotoTeam.Browse.Item.list  {"offset": 0, "limit": 500, "additional": "[\"thumbnail\"]", "folder_id": 1165}
2026-05-15 19:08:03 | INFO     |   201812-3//201812-3/201908//201812-3/201908/20    26 photo(s)  [cumul : 21382]
2026-05-15 19:08:03 | DEBUG    | → SYNO.FotoTeam.Browse.Item.list  {"offset": 0, "limit": 500, "additional": "[\"thumbnail\"]", "folder_id": 1166}
2026-05-15 19:08:03 | INFO     |   201812-3//201812-3/201908//201812-3/201908/20     6 photo(s)  [cumul : 21388]
2026-05-15 19:08:03 | DEBUG    | → SYNO.FotoTeam.Browse.Item.list  {"offset": 0, "limit": 500, "additional": "[\"thumbnail\"]", "folder_id": 1167}
2026-05-15 19:08:03 | INFO     |   201812-3//201812-3/201908//201812-3/201908/20    10 photo(s)  [cumul : 21398]
2026-05-15 19:08:03 | DEBUG    | → SYNO.FotoTeam.Browse.Item.list  {"offset": 0, "limit": 500, "additional": "[\"thumbnail\"]", "folder_id": 1168}
2026-05-15 19:08:03 | INFO     |   201812-3//201812-3/201908//201812-3/201908/20    28 photo(s)  [cumul : 21426]
2026-05-15 19:08:03 | DEBUG    | → SYNO.FotoTeam.Browse.Item.list  {"offset": 0, "limit": 500, "additional": "[\"thumbnail\"]", "folder_id": 1169}
2026-05-15 19:08:03 | INFO     |   201812-3//201812-3/201908//201812-3/201908/20    55 photo(s)  [cumul : 21481]
2026-05-15 19:08:03 | DEBUG    | → SYNO.FotoTeam.Browse.Item.list  {"offset": 0, "limit": 500, "additional": "[\"thumbnail\"]", "folder_id": 1170}
2026-05-15 19:08:03 | INFO     |   201812-3//201812-3/201908//201812-3/201908/20    37 photo(s)  [cumul : 21518]
2026-05-15 19:08:03 | DEBUG    | → SYNO.FotoTeam.Browse.Item.list  {"offset": 0, "limit": 500, "additional": "[\"thumbnail\"]", "folder_id": 1173}
2026-05-15 19:08:03 | INFO     |   201812-3//201812-3/201908//201812-3/201908/20     2 photo(s)  [cumul : 21520]
2026-05-15 19:08:03 | DEBUG    | → SYNO.FotoTeam.Browse.Item.list  {"offset": 0, "limit": 500, "additional": "[\"thumbnail\"]", "folder_id": 1174}
2026-05-15 19:08:03 | INFO     |   201812-3//201812-3/201908//201812-3/201908/20    27 photo(s)  [cumul : 21547]
2026-05-15 19:08:03 | DEBUG    | → SYNO.FotoTeam.Browse.Item.list  {"offset": 0, "limit": 500, "additional": "[\"thumbnail\"]", "folder_id": 1175}
2026-05-15 19:08:03 | INFO     |   201812-3//201812-3/201908//201812-3/201908/20    32 photo(s)  [cumul : 21579]
2026-05-15 19:08:03 | DEBUG    | → SYNO.FotoTeam.Browse.Item.list  {"offset": 0, "limit": 500, "additional": "[\"thumbnail\"]", "folder_id": 1176}
2026-05-15 19:08:03 | INFO     |   201812-3//201812-3/201908//201812-3/201908/20    51 photo(s)  [cumul : 21630]
2026-05-15 19:08:03 | DEBUG    | → SYNO.FotoTeam.Browse.Item.list  {"offset": 0, "limit": 500, "additional": "[\"thumbnail\"]", "folder_id": 1177}
2026-05-15 19:08:04 | INFO     |   201812-3//201812-3/201908//201812-3/201908/20    18 photo(s)  [cumul : 21648]
2026-05-15 19:08:04 | DEBUG    | → SYNO.FotoTeam.Browse.Item.list  {"offset": 0, "limit": 500, "additional": "[\"thumbnail\"]", "folder_id": 1178}
2026-05-15 19:08:04 | INFO     |   201812-3//201812-3/201908//201812-3/201908/20    60 photo(s)  [cumul : 21708]
2026-05-15 19:08:04 | DEBUG    | → SYNO.FotoTeam.Browse.Item.list  {"offset": 0, "limit": 500, "additional": "[\"thumbnail\"]", "folder_id": 1179}
2026-05-15 19:08:04 | INFO     |   201812-3//201812-3/201908//201812-3/201908/20     6 photo(s)  [cumul : 21714]
2026-05-15 19:08:04 | DEBUG    | → SYNO.FotoTeam.Browse.Item.list  {"offset": 0, "limit": 500, "additional": "[\"thumbnail\"]", "folder_id": 1180}
2026-05-15 19:08:04 | INFO     |   201812-3//201812-3/201908//201812-3/201908/20    20 photo(s)  [cumul : 21734]
2026-05-15 19:08:04 | DEBUG    | → SYNO.FotoTeam.Browse.Item.list  {"offset": 0, "limit": 500, "additional": "[\"thumbnail\"]", "folder_id": 1181}
2026-05-15 19:08:04 | INFO     |   201812-3//201812-3/201908//201812-3/201908/20    43 photo(s)  [cumul : 21777]
2026-05-15 19:08:04 | DEBUG    | → SYNO.FotoTeam.Browse.Item.list  {"offset": 0, "limit": 500, "additional": "[\"thumbnail\"]", "folder_id": 1182}
2026-05-15 19:08:04 | INFO     |   201812-3//201812-3/201908//201812-3/201908/20    36 photo(s)  [cumul : 21813]
2026-05-15 19:08:04 | DEBUG    | → SYNO.FotoTeam.Browse.Item.list  {"offset": 0, "limit": 500, "additional": "[\"thumbnail\"]", "folder_id": 1183}
2026-05-15 19:08:04 | INFO     |   201812-3//201812-3/201908//201812-3/201908/20    18 photo(s)  [cumul : 21831]
2026-05-15 19:08:04 | DEBUG    | → SYNO.FotoTeam.Browse.Item.list  {"offset": 0, "limit": 500, "additional": "[\"thumbnail\"]", "folder_id": 1184}
2026-05-15 19:08:04 | INFO     |   201812-3//201812-3/201908//201812-3/201908/20    68 photo(s)  [cumul : 21899]
2026-05-15 19:08:04 | DEBUG    | → SYNO.FotoTeam.Browse.Item.list  {"offset": 0, "limit": 500, "additional": "[\"thumbnail\"]", "folder_id": 1185}
2026-05-15 19:08:04 | INFO     |   201812-3//201812-3/201908//201812-3/201908/20    22 photo(s)  [cumul : 21921]
2026-05-15 19:08:04 | DEBUG    | → SYNO.FotoTeam.Browse.Item.list  {"offset": 0, "limit": 500, "additional": "[\"thumbnail\"]", "folder_id": 1186}
2026-05-15 19:08:04 | INFO     |   201812-3//201812-3/201908//201812-3/201908/20    27 photo(s)  [cumul : 21948]
2026-05-15 19:08:04 | DEBUG    | → SYNO.FotoTeam.Browse.Item.list  {"offset": 0, "limit": 500, "additional": "[\"thumbnail\"]", "folder_id": 1187}
2026-05-15 19:08:05 | INFO     |   201812-3//201812-3/201908//201812-3/201908/20    39 photo(s)  [cumul : 21987]
2026-05-15 19:08:05 | DEBUG    | → SYNO.FotoTeam.Browse.Item.list  {"offset": 0, "limit": 500, "additional": "[\"thumbnail\"]", "folder_id": 1188}
2026-05-15 19:08:05 | INFO     |   201812-3//201812-3/201908//201812-3/201908/20    36 photo(s)  [cumul : 22023]
2026-05-15 19:08:05 | DEBUG    | → SYNO.FotoTeam.Browse.Item.list  {"offset": 0, "limit": 500, "additional": "[\"thumbnail\"]", "folder_id": 1189}
2026-05-15 19:08:05 | INFO     |   201812-3//201812-3/201908//201812-3/201908/20    60 photo(s)  [cumul : 22083]
2026-05-15 19:08:05 | DEBUG    | → SYNO.FotoTeam.Browse.Item.list  {"offset": 0, "limit": 500, "additional": "[\"thumbnail\"]", "folder_id": 1190}
2026-05-15 19:08:05 | INFO     |   201812-3//201812-3/201908//201812-3/201908/20    49 photo(s)  [cumul : 22132]
2026-05-15 19:08:05 | DEBUG    | → SYNO.FotoTeam.Browse.Item.list  {"offset": 0, "limit": 500, "additional": "[\"thumbnail\"]", "folder_id": 1191}
2026-05-15 19:08:05 | INFO     |   201812-3//201812-3/201908//201812-3/201908/20    77 photo(s)  [cumul : 22209]
2026-05-15 19:08:05 | DEBUG    | → SYNO.FotoTeam.Browse.Item.list  {"offset": 0, "limit": 500, "additional": "[\"thumbnail\"]", "folder_id": 1148}
2026-05-15 19:08:05 | INFO     |   201812-3//201812-3/201908//201812-3/201908/20    97 photo(s)  [cumul : 22306]
2026-05-15 19:08:05 | DEBUG    | → SYNO.FotoTeam.Browse.Item.list  {"offset": 0, "limit": 500, "additional": "[\"thumbnail\"]", "folder_id": 1149}
2026-05-15 19:08:05 | INFO     |   201812-3//201812-3/201908//201812-3/201908/20    36 photo(s)  [cumul : 22342]
2026-05-15 19:08:05 | DEBUG    | → SYNO.FotoTeam.Browse.Item.list  {"offset": 0, "limit": 500, "additional": "[\"thumbnail\"]", "folder_id": 1147}
2026-05-15 19:08:05 | INFO     |   201812-3//201812-3/201908//201812-3/201908/No    61 photo(s)  [cumul : 22403]
2026-05-15 19:08:05 | DEBUG    | → SYNO.FotoTeam.Browse.Item.list  {"offset": 0, "limit": 500, "additional": "[\"thumbnail\"]", "folder_id": 1216}
2026-05-15 19:08:05 | INFO     |   202306 - CM2 - Lou-Anne//202306 - CM2 - Lou-A    11 photo(s)  [cumul : 22414]
2026-05-15 19:08:05 | DEBUG    | → SYNO.FotoTeam.Browse.Item.list  {"offset": 0, "limit": 500, "additional": "[\"thumbnail\"]", "folder_id": 1217}
2026-05-15 19:08:05 | INFO     |   202306 - CM2 - Lou-Anne//202306 - CM2 - Lou-A    33 photo(s)  [cumul : 22447]
2026-05-15 19:08:05 | DEBUG    | → SYNO.FotoTeam.Browse.Item.list  {"offset": 0, "limit": 500, "additional": "[\"thumbnail\"]", "folder_id": 1218}
2026-05-15 19:08:06 | DEBUG    | → SYNO.FotoTeam.Browse.Item.list  {"offset": 0, "limit": 500, "additional": "[\"thumbnail\"]", "folder_id": 1222}
2026-05-15 19:08:06 | INFO     |   202306 - CM2 - Lou-Anne//202306 - CM2 - Lou-A   174 photo(s)  [cumul : 22621]
2026-05-15 19:08:06 | DEBUG    | → SYNO.FotoTeam.Browse.Item.list  {"offset": 0, "limit": 500, "additional": "[\"thumbnail\"]", "folder_id": 1223}
2026-05-15 19:08:06 | INFO     |   202306 - CM2 - Lou-Anne//202306 - CM2 - Lou-A    49 photo(s)  [cumul : 22670]
2026-05-15 19:08:06 | DEBUG    | → SYNO.FotoTeam.Browse.Item.list  {"offset": 0, "limit": 500, "additional": "[\"thumbnail\"]", "folder_id": 1224}
2026-05-15 19:08:06 | INFO     |   202306 - CM2 - Lou-Anne//202306 - CM2 - Lou-A    15 photo(s)  [cumul : 22685]
2026-05-15 19:08:06 | DEBUG    | → SYNO.FotoTeam.Browse.Item.list  {"offset": 0, "limit": 500, "additional": "[\"thumbnail\"]", "folder_id": 1225}
2026-05-15 19:08:06 | INFO     |   202306 - CM2 - Lou-Anne//202306 - CM2 - Lou-A    50 photo(s)  [cumul : 22735]
2026-05-15 19:08:06 | DEBUG    | → SYNO.FotoTeam.Browse.Item.list  {"offset": 0, "limit": 500, "additional": "[\"thumbnail\"]", "folder_id": 1226}
2026-05-15 19:08:06 | INFO     |   202306 - CM2 - Lou-Anne//202306 - CM2 - Lou-A    82 photo(s)  [cumul : 22817]
2026-05-15 19:08:06 | DEBUG    | → SYNO.FotoTeam.Browse.Item.list  {"offset": 0, "limit": 500, "additional": "[\"thumbnail\"]", "folder_id": 1694}
2026-05-15 19:08:06 | INFO     |   iphone Yves//iphone Yves/2006//iphone Yves/20     1 photo(s)  [cumul : 22818]
2026-05-15 19:08:06 | DEBUG    | → SYNO.FotoTeam.Browse.Item.list  {"offset": 0, "limit": 500, "additional": "[\"thumbnail\"]", "folder_id": 1692}
2026-05-15 19:08:06 | INFO     |   iphone Yves//iphone Yves/2020//iphone Yves/20     1 photo(s)  [cumul : 22819]
2026-05-15 19:08:06 | DEBUG    | → SYNO.FotoTeam.Browse.Item.list  {"offset": 0, "limit": 500, "additional": "[\"thumbnail\"]", "folder_id": 1684}
2026-05-15 19:08:06 | INFO     |   iphone Yves//iphone Yves/2023//iphone Yves/20    54 photo(s)  [cumul : 22873]
2026-05-15 19:08:06 | DEBUG    | → SYNO.FotoTeam.Browse.Item.list  {"offset": 0, "limit": 500, "additional": "[\"thumbnail\"]", "folder_id": 1685}
2026-05-15 19:08:06 | INFO     |   iphone Yves//iphone Yves/2023//iphone Yves/20   225 photo(s)  [cumul : 23098]
2026-05-15 19:08:06 | DEBUG    | → SYNO.FotoTeam.Browse.Item.list  {"offset": 0, "limit": 500, "additional": "[\"thumbnail\"]", "folder_id": 1686}
2026-05-15 19:08:07 | INFO     |   iphone Yves//iphone Yves/2023//iphone Yves/20   421 photo(s)  [cumul : 23519]
2026-05-15 19:08:07 | DEBUG    | → SYNO.FotoTeam.Browse.Item.list  {"offset": 0, "limit": 500, "additional": "[\"thumbnail\"]", "folder_id": 1687}
2026-05-15 19:08:07 | INFO     |   iphone Yves//iphone Yves/2023//iphone Yves/20   363 photo(s)  [cumul : 23882]
2026-05-15 19:08:07 | DEBUG    | → SYNO.FotoTeam.Browse.Item.list  {"offset": 0, "limit": 500, "additional": "[\"thumbnail\"]", "folder_id": 1688}
2026-05-15 19:08:07 | INFO     |   iphone Yves//iphone Yves/2023//iphone Yves/20   214 photo(s)  [cumul : 24096]
2026-05-15 19:08:07 | DEBUG    | → SYNO.FotoTeam.Browse.Item.list  {"offset": 0, "limit": 500, "additional": "[\"thumbnail\"]", "folder_id": 1689}
2026-05-15 19:08:07 | INFO     |   iphone Yves//iphone Yves/2023//iphone Yves/20   201 photo(s)  [cumul : 24297]
2026-05-15 19:08:07 | DEBUG    | → SYNO.FotoTeam.Browse.Item.list  {"offset": 0, "limit": 500, "additional": "[\"thumbnail\"]", "folder_id": 1690}
2026-05-15 19:08:07 | INFO     |   iphone Yves//iphone Yves/2023//iphone Yves/20   191 photo(s)  [cumul : 24488]
2026-05-15 19:08:07 | DEBUG    | → SYNO.FotoTeam.Browse.Item.list  {"offset": 0, "limit": 500, "additional": "[\"thumbnail\"]", "folder_id": 1276}
2026-05-15 19:08:07 | DEBUG    | → SYNO.FotoTeam.Browse.Item.list  {"offset": 0, "limit": 500, "additional": "[\"thumbnail\"]", "folder_id": 1287}
2026-05-15 19:08:08 | DEBUG    | → SYNO.FotoTeam.Browse.Item.list  {"offset": 0, "limit": 500, "additional": "[\"thumbnail\"]", "folder_id": 2095}
2026-05-15 19:08:08 | INFO     |   Video - Perso//Video - Perso/Iphone Candice//     4 photo(s)  [cumul : 24492]
2026-05-15 19:08:08 | DEBUG    | → SYNO.FotoTeam.Browse.Item.list  {"offset": 0, "limit": 500, "additional": "[\"thumbnail\"]", "folder_id": 2096}
2026-05-15 19:08:08 | INFO     |   Video - Perso//Video - Perso/Iphone Candice//    35 photo(s)  [cumul : 24527]
2026-05-15 19:08:08 | DEBUG    | → SYNO.FotoTeam.Browse.Item.list  {"offset": 0, "limit": 500, "additional": "[\"thumbnail\"]", "folder_id": 1171}
2026-05-15 19:08:08 | INFO     |   201812-3//201812-3/201908//201812-3/201908/20    50 photo(s)  [cumul : 24577]
2026-05-15 19:08:08 | DEBUG    | → SYNO.FotoTeam.Browse.Item.list  {"offset": 0, "limit": 500, "additional": "[\"thumbnail\"]", "folder_id": 1172}
2026-05-15 19:08:08 | INFO     |   201812-3//201812-3/201908//201812-3/201908/20     4 photo(s)  [cumul : 24581]
2026-05-15 19:08:08 | DEBUG    | → SYNO.FotoTeam.Browse.Item.list  {"offset": 0, "limit": 500, "additional": "[\"thumbnail\"]", "folder_id": 1219}
2026-05-15 19:08:08 | INFO     |   202306 - CM2 - Lou-Anne//202306 - CM2 - Lou-A   206 photo(s)  [cumul : 24787]
2026-05-15 19:08:08 | DEBUG    | → SYNO.FotoTeam.Browse.Item.list  {"offset": 0, "limit": 500, "additional": "[\"thumbnail\"]", "folder_id": 1220}
2026-05-15 19:08:08 | INFO     |   202306 - CM2 - Lou-Anne//202306 - CM2 - Lou-A    30 photo(s)  [cumul : 24817]
2026-05-15 19:08:08 | DEBUG    | → SYNO.FotoTeam.Browse.Item.list  {"offset": 0, "limit": 500, "additional": "[\"thumbnail\"]", "folder_id": 1221}
2026-05-15 19:08:08 | INFO     |   202306 - CM2 - Lou-Anne//202306 - CM2 - Lou-A    18 photo(s)  [cumul : 24835]
2026-05-15 19:08:08 | DEBUG    | → SYNO.FotoTeam.Browse.Item.list  {"offset": 0, "limit": 500, "additional": "[\"thumbnail\"]", "folder_id": 1291}
2026-05-15 19:08:08 | DEBUG    | → SYNO.FotoTeam.Browse.Item.list  {"offset": 0, "limit": 500, "additional": "[\"thumbnail\"]", "folder_id": 1288}
2026-05-15 19:08:08 | INFO     | Cache sauvegardé → C:\Users\voone\Claude\Album\cache\index.json (24835 photos)
2026-05-15 19:08:08 | INFO     | Index terminé : 24835 photos indexées
2026-05-15 19:08:08 | INFO     | Index prêt : 24835 photos disponibles
2026-05-15 19:08:08 | INFO     | Thème du jour : anniversary  (jour 135, rotation ['anniversary', 'season', 'random'])
2026-05-15 19:08:08 | INFO     | AnniversaryTheme : 50 photo(s) depuis 2023
2026-05-15 19:08:08 | INFO     | Préparation de l'album : « Album du jour — Il y a 3 ans aujourd'hui — 2026-05-15 »
2026-05-15 19:08:08 | INFO     | Photos à ajouter : 50 (thème : anniversary)
2026-05-15 19:08:08 | INFO     | [DRY-RUN] Créerait l'album : « Album du jour — Il y a 3 ans aujourd'hui — 2026-05-15 »
2026-05-15 19:08:08 | INFO     | [DRY-RUN] Ajouterait 50 photos à l'album id=-1
2026-05-15 19:08:08 | INFO     | [DRY-RUN] Partagerait l'album id=-1 → http://192.168.1.142:5000/photo/mo/sharing/DRY_RUN_ID
2026-05-15 19:08:08 | DEBUG    | item_ids ajoutés (50) : 176822, 176824, 176826, 176827, 176828, 176829, 176830, 176831, 176833, 176835 … (+40 autres)
2026-05-15 19:08:08 | INFO     | URL de l'album : http://192.168.1.142:5000/photo/mo/sharing/DRY_RUN_ID
2026-05-15 19:08:08 | DEBUG    | AUTH logout
2026-05-15 19:08:09 | INFO     | Session fermée
2026-05-15 19:16:12 | INFO     | ══════════════════════════════════════════════════
2026-05-15 19:16:12 | INFO     | Lancement — Friday 15 May 2026
2026-05-15 19:16:12 | DEBUG    | Connexion directe (locale) : http://192.168.1.142:5000
2026-05-15 19:16:12 | DEBUG    | AUTH login → http://192.168.1.142:5000/photo/webapi/auth.cgi
2026-05-15 19:16:14 | INFO     | Connecté au NAS (compte : robot, url : http://192.168.1.142:5000)
2026-05-15 19:16:14 | INFO     | Chemins exclus de l'index : ['19*', 'VHS*']
2026-05-15 19:16:14 | DEBUG    | Cache valide (âge : 0.1h)
2026-05-15 19:16:14 | INFO     | Index chargé depuis le cache : 24835 photos (généré le 2026-05-15T19:08:08)
2026-05-15 19:16:14 | INFO     | Index prêt : 24835 photos disponibles
2026-05-15 19:16:14 | INFO     | Thème forcé : random
2026-05-15 19:16:14 | INFO     | RandomTheme : 50 photo(s) sélectionnée(s)
2026-05-15 19:16:14 | INFO     | Préparation de l'album : « Album du jour — Sélection du jour — 2026-05-15 »
2026-05-15 19:16:14 | INFO     | Photos à ajouter : 50 (thème : random)
2026-05-15 19:16:14 | DEBUG    | → SYNO.SynologyDrive.Share.Priv.list  {}
2026-05-15 19:16:14 | INFO     | Partage restreint avec : ['voonet', 'Candice', 'lou']
2026-05-15 19:16:14 | DEBUG    | → SYNO.Foto.Browse.NormalAlbum.create  {"name": "Album du jour — Sélection du jour — 2026-05-15", "member": "[1026, 1029, 1028]"}
2026-05-15 19:16:14 | INFO     | Album créé : « Album du jour — Sélection du jour — 2026-05-15 » (id=55, partagé avec 3 compte(s))
2026-05-15 19:16:14 | DEBUG    | → SYNO.Foto.Browse.NormalAlbum.add_item  {"id": 55, "item": "[106571, 172549, 118571, 107621, 286084, 104136, 103995, 177497, 100805, 107654, 108922, 107604, 101114, 287224, 172061, 101759, 105078, 95379, 103919, 175695, 103760, 101091, 97707, 106615, 172625, 96884, 172091, 94708, 171334, 172016, 98249, 174580, 100438, 172908, 104081, 171006, 96619, 104732, 174546, 105338, 96368, 118464, 97314, 104844, 99748, 177347, 173943, 108960, 109001, 99572]"}
2026-05-15 19:16:19 | DEBUG    | Lot 0–50 ajouté (album id=55)
2026-05-15 19:16:19 | INFO     | 50 photos ajoutées à l'album id=55
2026-05-15 19:16:19 | INFO     | Album partagé : http://192.168.1.142:5000/photo
2026-05-15 19:16:19 | DEBUG    | item_ids ajoutés (50) : 106571, 172549, 118571, 107621, 286084, 104136, 103995, 177497, 100805, 107654 … (+40 autres)
2026-05-15 19:16:19 | INFO     | URL de l'album : http://192.168.1.142:5000/photo
2026-05-15 19:16:19 | DEBUG    | AUTH logout
2026-05-15 19:16:21 | INFO     | Session fermée
2026-05-15 19:18:17 | INFO     | ══════════════════════════════════════════════════
2026-05-15 19:18:17 | INFO     | Lancement — Friday 15 May 2026
2026-05-15 19:18:17 | DEBUG    | Connexion directe (locale) : http://192.168.1.142:5000
2026-05-15 19:18:17 | DEBUG    | AUTH login → http://192.168.1.142:5000/photo/webapi/auth.cgi
2026-05-15 19:18:20 | INFO     | Connecté au NAS (compte : robot, url : http://192.168.1.142:5000)
2026-05-15 19:18:20 | INFO     | Chemins exclus de l'index : ['19*', 'VHS*']
2026-05-15 19:18:20 | DEBUG    | Cache valide (âge : 0.2h)
2026-05-15 19:18:20 | INFO     | Index chargé depuis le cache : 24835 photos (généré le 2026-05-15T19:08:08)
2026-05-15 19:18:20 | INFO     | Index prêt : 24835 photos disponibles
2026-05-15 19:18:20 | INFO     | Thème forcé : random
2026-05-15 19:18:20 | INFO     | RandomTheme : 50 photo(s) sélectionnée(s)
2026-05-15 19:18:20 | INFO     | Préparation de l'album : « Album du jour — Sélection du jour — 2026-05-15 »
2026-05-15 19:18:20 | INFO     | Photos à ajouter : 50 (thème : random)
2026-05-15 19:18:20 | DEBUG    | → SYNO.SynologyDrive.Share.Priv.list  {}
2026-05-15 19:18:20 | INFO     | Partage restreint avec : ['voonet', 'Candice', 'lou']
2026-05-15 19:18:20 | DEBUG    | → SYNO.Foto.Browse.NormalAlbum.create  {"name": "Album du jour — Sélection du jour — 2026-05-15", "member": "[1026, 1029, 1028]"}
2026-05-15 19:18:20 | INFO     | Album créé : « Album du jour — Sélection du jour — 2026-05-15 » (id=56, partagé avec 3 compte(s))
2026-05-15 19:18:20 | DEBUG    | → SYNO.Foto.Browse.NormalAlbum.add_item  {"id": 56, "item": "[295095, 96361, 97029, 102181, 105879, 97148, 96324, 99658, 186728, 177757, 171122, 102804, 101890, 108242, 102459, 105913, 177720, 173243, 96816, 98488, 176074, 186784, 172292, 177773, 130849, 176126, 108723, 175306, 172820, 287219, 176805, 171891, 298873, 102082, 99809, 99931, 174150, 103054, 172530, 97593, 173494, 108842, 105489, 98097, 102392, 175126, 97598, 171316, 102458, 171820]"}
2026-05-15 19:18:23 | DEBUG    | Lot 0–50 ajouté (album id=56)
2026-05-15 19:18:23 | INFO     | 50 photos ajoutées à l'album id=56
2026-05-15 19:18:23 | INFO     | Album partagé : http://192.168.1.142:5000/photo
2026-05-15 19:18:23 | DEBUG    | item_ids ajoutés (50) : 295095, 96361, 97029, 102181, 105879, 97148, 96324, 99658, 186728, 177757 … (+40 autres)
2026-05-15 19:18:23 | INFO     | URL de l'album : http://192.168.1.142:5000/photo
2026-05-15 19:18:23 | DEBUG    | AUTH logout
2026-05-15 19:18:24 | INFO     | Session fermée
2026-05-15 19:24:05 | INFO     | ══════════════════════════════════════════════════
2026-05-15 19:24:05 | INFO     | Lancement — Friday 15 May 2026
2026-05-15 19:24:05 | DEBUG    | Connexion directe (locale) : http://192.168.1.142:5000
2026-05-15 19:24:05 | DEBUG    | AUTH login → http://192.168.1.142:5000/photo/webapi/auth.cgi
2026-05-15 19:24:07 | INFO     | Connecté au NAS (compte : robot, url : http://192.168.1.142:5000)
2026-05-15 19:24:07 | INFO     | Chemins exclus de l'index : ['19*', 'VHS*']
2026-05-15 19:24:07 | DEBUG    | Cache valide (âge : 0.3h)
2026-05-15 19:24:07 | INFO     | Index chargé depuis le cache : 24835 photos (généré le 2026-05-15T19:08:08)
2026-05-15 19:24:07 | INFO     | Index prêt : 24835 photos disponibles
2026-05-15 19:24:07 | INFO     | Thème forcé : random
2026-05-15 19:24:07 | INFO     | RandomTheme : 50 photo(s) sélectionnée(s)
2026-05-15 19:24:07 | INFO     | Préparation de l'album : « Album du jour — Sélection du jour — 2026-05-15 »
2026-05-15 19:24:07 | INFO     | Photos à ajouter : 50 (thème : random)
2026-05-15 19:24:07 | DEBUG    | → SYNO.Foto.UserInfo.get  {"id": "[1, 2, 3, 4, 5, 6, 7, 8, 9, 10, 11, 12, 13, 14, 15, 16, 17, 18, 19, 20, 21, 22, 23, 24, 25, 26, 27, 28, 29, 30, 31, 32, 33, 34, 35, 36, 37, 38, 39, 40, 41, 42, 43, 44, 45, 46, 47, 48, 49, 50, 51, 52, 53, 54, 55, 56, 57, 58, 59, 60, 61, 62, 63, 64, 65, 66, 67, 68, 69, 70, 71, 72, 73, 74, 75, 76, 77, 78, 79, 80, 81, 82, 83, 84, 85, 86, 87, 88, 89, 90, 91, 92, 93, 94, 95, 96, 97, 98, 99, 100, 101, 102, 103, 104, 105, 106, 107, 108, 109, 110, 111, 112, 113, 114, 115, 116, 117, 118, 119, 120, 121, 122, 123, 124, 125, 126, 127, 128, 129, 130, 131, 132, 133, 134, 135, 136, 137, 138, 139, 140, 141, 142, 143, 144, 145, 146, 147, 148, 149, 150, 151, 152, 153, 154, 155, 156, 157, 158, 159, 160, 161, 162, 163, 164, 165, 166, 167, 168, 169, 170, 171, 172, 173, 174, 175, 176, 177, 178, 179, 180, 181, 182, 183, 184, 185, 186, 187, 188, 189, 190, 191, 192, 193, 194, 195, 196, 197, 198, 199, 200]"}
2026-05-15 19:24:08 | DEBUG    | Utilisateurs Photos trouvés : ['voonet', 'lou', 'Candice', 'Monique', 'robot']
2026-05-15 19:24:08 | INFO     | Partage restreint avec : ['voonet', 'Candice', 'lou']
2026-05-15 19:24:08 | DEBUG    | → SYNO.Foto.Browse.NormalAlbum.create  {"name": "Album du jour — Sélection du jour — 2026-05-15", "member": "[1, 3, 2]"}
2026-05-15 19:24:08 | INFO     | Album créé : « Album du jour — Sélection du jour — 2026-05-15 » (id=58, partagé avec 3 compte(s))
2026-05-15 19:24:08 | DEBUG    | → SYNO.Foto.Browse.NormalAlbum.add_item  {"id": 58, "item": "[104145, 96394, 298956, 176536, 100018, 107016, 104781, 109184, 176640, 108293, 171321, 103855, 176740, 99471, 96375, 176811, 130871, 174247, 130895, 173292, 100325, 96960, 97283, 102029, 96582, 97199, 118873, 99609, 97450, 119055, 100428, 287314, 98244, 170776, 107700, 95191, 173972, 174515, 96038, 171580, 101770, 99438, 105799, 118828, 97321, 99127, 287150, 177537, 102194, 119046]"}
2026-05-15 19:24:11 | DEBUG    | Lot 0–50 ajouté (album id=58)
2026-05-15 19:24:11 | INFO     | 50 photos ajoutées à l'album id=58
2026-05-15 19:24:11 | INFO     | Album partagé : http://192.168.1.142:5000/photo
2026-05-15 19:24:11 | DEBUG    | item_ids ajoutés (50) : 104145, 96394, 298956, 176536, 100018, 107016, 104781, 109184, 176640, 108293 … (+40 autres)
2026-05-15 19:24:11 | INFO     | URL de l'album : http://192.168.1.142:5000/photo
2026-05-15 19:24:11 | DEBUG    | AUTH logout
2026-05-15 19:24:12 | INFO     | Session fermée
2026-05-15 19:28:52 | INFO     | ══════════════════════════════════════════════════
2026-05-15 19:28:52 | INFO     | Lancement — Friday 15 May 2026
2026-05-15 19:28:52 | DEBUG    | Connexion directe (locale) : http://192.168.1.142:5000
2026-05-15 19:28:52 | DEBUG    | AUTH login → http://192.168.1.142:5000/photo/webapi/auth.cgi
2026-05-15 19:28:54 | INFO     | Connecté au NAS (compte : robot, url : http://192.168.1.142:5000)
2026-05-15 19:28:54 | INFO     | Chemins exclus de l'index : ['19*', 'VHS*']
2026-05-15 19:28:54 | DEBUG    | Cache valide (âge : 0.3h)
2026-05-15 19:28:54 | INFO     | Index chargé depuis le cache : 24835 photos (généré le 2026-05-15T19:08:08)
2026-05-15 19:28:54 | INFO     | Index prêt : 24835 photos disponibles
2026-05-15 19:28:54 | INFO     | Thème forcé : random
2026-05-15 19:28:54 | INFO     | RandomTheme : 50 photo(s) sélectionnée(s)
2026-05-15 19:28:54 | INFO     | Préparation de l'album : « Album du jour — Sélection du jour — 2026-05-15 »
2026-05-15 19:28:54 | INFO     | Photos à ajouter : 50 (thème : random)
2026-05-15 19:28:54 | DEBUG    | → SYNO.Foto.UserInfo.get  {"id": "[1, 2, 3, 4, 5, 6, 7, 8, 9, 10, 11, 12, 13, 14, 15, 16, 17, 18, 19, 20, 21, 22, 23, 24, 25, 26, 27, 28, 29, 30, 31, 32, 33, 34, 35, 36, 37, 38, 39, 40, 41, 42, 43, 44, 45, 46, 47, 48, 49, 50, 51, 52, 53, 54, 55, 56, 57, 58, 59, 60, 61, 62, 63, 64, 65, 66, 67, 68, 69, 70, 71, 72, 73, 74, 75, 76, 77, 78, 79, 80, 81, 82, 83, 84, 85, 86, 87, 88, 89, 90, 91, 92, 93, 94, 95, 96, 97, 98, 99, 100, 101, 102, 103, 104, 105, 106, 107, 108, 109, 110, 111, 112, 113, 114, 115, 116, 117, 118, 119, 120, 121, 122, 123, 124, 125, 126, 127, 128, 129, 130, 131, 132, 133, 134, 135, 136, 137, 138, 139, 140, 141, 142, 143, 144, 145, 146, 147, 148, 149, 150, 151, 152, 153, 154, 155, 156, 157, 158, 159, 160, 161, 162, 163, 164, 165, 166, 167, 168, 169, 170, 171, 172, 173, 174, 175, 176, 177, 178, 179, 180, 181, 182, 183, 184, 185, 186, 187, 188, 189, 190, 191, 192, 193, 194, 195, 196, 197, 198, 199, 200]"}
2026-05-15 19:28:55 | DEBUG    | Utilisateurs Photos trouvés : ['voonet', 'lou', 'Candice', 'Monique', 'robot']
2026-05-15 19:28:55 | INFO     | Partage restreint avec : ['voonet', 'Candice', 'lou']
2026-05-15 19:28:55 | DEBUG    | → SYNO.Foto.Browse.NormalAlbum.create  {"name": "Album du jour — Sélection du jour — 2026-05-15", "shared": "true", "member": "[1, 3, 2]"}
2026-05-15 19:28:55 | INFO     | Album créé : « Album du jour — Sélection du jour — 2026-05-15 » (id=62, partagé avec 3 compte(s), passphrase=seR8iyKT0)
2026-05-15 19:28:55 | DEBUG    | → SYNO.Foto.Browse.NormalAlbum.add_item  {"id": 62, "item": "[104055, 287467, 176526, 176562, 98907, 105919, 173675, 94567, 95148, 107120, 96477, 96122, 177122, 175162, 106852, 106385, 98920, 105958, 172293, 119073, 95737, 103335, 177418, 94912, 98521, 298853, 130918, 103466, 105931, 104735, 101613, 176234, 106220, 106830, 176778, 177214, 171321, 99294, 103956, 100751, 173895, 108624, 103472, 108780, 100481, 286403, 103051, 98027, 105466, 299084]"}
2026-05-15 19:28:59 | DEBUG    | Lot 0–50 ajouté (album id=62)
2026-05-15 19:28:59 | INFO     | 50 photos ajoutées à l'album id=62
2026-05-15 19:28:59 | DEBUG    | → SYNO.Foto.Sharing.Passphrase.update  {"passphrase": "seR8iyKT0"}
2026-05-15 19:28:59 | INFO     | Album partagé : http://192.168.1.142:5000/photo/mo/sharing/seR8iyKT0
2026-05-15 19:28:59 | DEBUG    | item_ids ajoutés (50) : 104055, 287467, 176526, 176562, 98907, 105919, 173675, 94567, 95148, 107120 … (+40 autres)
2026-05-15 19:28:59 | INFO     | URL de l'album : http://192.168.1.142:5000/photo/mo/sharing/seR8iyKT0
2026-05-15 19:28:59 | DEBUG    | AUTH logout
2026-05-15 19:29:00 | INFO     | Session fermée
2026-05-15 19:30:51 | INFO     | ══════════════════════════════════════════════════
2026-05-15 19:30:51 | INFO     | Lancement — Friday 15 May 2026
2026-05-15 19:30:51 | DEBUG    | Connexion directe (locale) : http://192.168.1.142:5000
2026-05-15 19:30:51 | DEBUG    | AUTH login → http://192.168.1.142:5000/photo/webapi/auth.cgi
2026-05-15 19:30:53 | INFO     | Connecté au NAS (compte : robot, url : http://192.168.1.142:5000)
2026-05-15 19:30:53 | INFO     | Chemins exclus de l'index : ['19*', 'VHS*']
2026-05-15 19:30:53 | DEBUG    | Cache valide (âge : 0.4h)
2026-05-15 19:30:53 | INFO     | Index chargé depuis le cache : 24835 photos (généré le 2026-05-15T19:08:08)
2026-05-15 19:30:53 | INFO     | Index prêt : 24835 photos disponibles
2026-05-15 19:30:53 | INFO     | Thème forcé : random
2026-05-15 19:30:53 | INFO     | RandomTheme : 50 photo(s) sélectionnée(s)
2026-05-15 19:30:53 | INFO     | Préparation de l'album : « Album du jour — Sélection du jour — 2026-05-15 »
2026-05-15 19:30:53 | INFO     | Photos à ajouter : 50 (thème : random)
2026-05-15 19:30:53 | DEBUG    | → SYNO.Foto.UserInfo.get  {"id": "[1, 2, 3, 4, 5, 6, 7, 8, 9, 10, 11, 12, 13, 14, 15, 16, 17, 18, 19, 20, 21, 22, 23, 24, 25, 26, 27, 28, 29, 30, 31, 32, 33, 34, 35, 36, 37, 38, 39, 40, 41, 42, 43, 44, 45, 46, 47, 48, 49, 50, 51, 52, 53, 54, 55, 56, 57, 58, 59, 60, 61, 62, 63, 64, 65, 66, 67, 68, 69, 70, 71, 72, 73, 74, 75, 76, 77, 78, 79, 80, 81, 82, 83, 84, 85, 86, 87, 88, 89, 90, 91, 92, 93, 94, 95, 96, 97, 98, 99, 100, 101, 102, 103, 104, 105, 106, 107, 108, 109, 110, 111, 112, 113, 114, 115, 116, 117, 118, 119, 120, 121, 122, 123, 124, 125, 126, 127, 128, 129, 130, 131, 132, 133, 134, 135, 136, 137, 138, 139, 140, 141, 142, 143, 144, 145, 146, 147, 148, 149, 150, 151, 152, 153, 154, 155, 156, 157, 158, 159, 160, 161, 162, 163, 164, 165, 166, 167, 168, 169, 170, 171, 172, 173, 174, 175, 176, 177, 178, 179, 180, 181, 182, 183, 184, 185, 186, 187, 188, 189, 190, 191, 192, 193, 194, 195, 196, 197, 198, 199, 200]"}
2026-05-15 19:30:54 | DEBUG    | Utilisateurs Photos trouvés : ['voonet', 'lou', 'Candice', 'Monique', 'robot']
2026-05-15 19:30:54 | INFO     | Partage restreint avec : ['voonet', 'Candice', 'lou']
2026-05-15 19:30:54 | DEBUG    | → SYNO.Foto.Browse.NormalAlbum.create  {"name": "Album du jour — Sélection du jour — 2026-05-15", "shared": "true", "member": "[1, 3, 2]"}
2026-05-15 19:30:54 | INFO     | Album créé : « Album du jour — Sélection du jour — 2026-05-15 » (id=63, partagé avec 3 compte(s), passphrase=IyHFDAp6A)
2026-05-15 19:30:54 | DEBUG    | → SYNO.Foto.Browse.NormalAlbum.add_item  {"id": 63, "item": "[106975, 105912, 101982, 102832, 102815, 175009, 173067, 103987, 118603, 119033, 176100, 197246, 174231, 101624, 106262, 108948, 104401, 171728, 108568, 95029, 104385, 103100, 105920, 107463, 177141, 105740, 170683, 101050, 118767, 94944, 173669, 104212, 109198, 104208, 106093, 100475, 99941, 103242, 130851, 176503, 95799, 94878, 118965, 101241, 99477, 171758, 104963, 100532, 102820, 99813]"}
2026-05-15 19:30:56 | DEBUG    | Lot 0–50 ajouté (album id=63)
2026-05-15 19:30:56 | INFO     | 50 photos ajoutées à l'album id=63
2026-05-15 19:30:56 | DEBUG    | → SYNO.Foto.Sharing.Passphrase.update  {"passphrase": "IyHFDAp6A"}
2026-05-15 19:30:57 | INFO     | Album partagé : http://192.168.1.142:5000/photo/mo/sharing/IyHFDAp6A
2026-05-15 19:30:57 | DEBUG    | item_ids ajoutés (50) : 106975, 105912, 101982, 102832, 102815, 175009, 173067, 103987, 118603, 119033 … (+40 autres)
2026-05-15 19:30:57 | INFO     | URL de l'album : http://192.168.1.142:5000/photo/mo/sharing/IyHFDAp6A
2026-05-15 19:30:57 | DEBUG    | AUTH logout
2026-05-15 19:30:57 | INFO     | Session fermée
2026-05-15 19:47:41 | INFO     | ==================================================
2026-05-15 19:47:41 | INFO     | Lancement - Friday 15 May 2026
2026-05-15 19:47:41 | DEBUG    | Connexion directe (locale) : http://192.168.1.142:5000
2026-05-15 19:47:41 | DEBUG    | AUTH login → http://192.168.1.142:5000/photo/webapi/auth.cgi
2026-05-15 19:47:42 | INFO     | Connecté au NAS (compte : robot, url : http://192.168.1.142:5000)
2026-05-15 19:47:42 | INFO     | Chemins exclus de l'index : ['19*', 'VHS*']
2026-05-15 19:47:42 | DEBUG    | Cache valide (âge : 0.7h)
2026-05-15 19:47:42 | INFO     | Index chargé depuis le cache : 24835 photos (généré le 2026-05-15T19:08:08)
2026-05-15 19:47:42 | INFO     | Index pret : 24835 photos disponibles
2026-05-15 19:47:42 | INFO     | Thème forcé : random
2026-05-15 19:47:42 | INFO     | RandomTheme : 50 photo(s) sélectionnée(s)
2026-05-15 19:47:42 | INFO     | Préparation de l'album : « Album du jour — Sélection du jour — 2026-05-15 »
2026-05-15 19:47:42 | INFO     | Photos à ajouter : 50 (thème : random)
2026-05-15 19:47:42 | DEBUG    | → SYNO.Foto.Browse.NormalAlbum.create  {"name": "Album du jour — Sélection du jour — 2026-05-15", "shared": "true"}
2026-05-15 19:47:43 | INFO     | Album créé : « Album du jour — Sélection du jour — 2026-05-15 » (id=68, passphrase=3X9jqgrHY)
2026-05-15 19:47:43 | DEBUG    | → SYNO.Foto.Browse.NormalAlbum.add_item  {"id": 68, "item": "[103486, 176461, 103571, 177375, 100806, 98165, 108995, 97781, 100638, 100467, 171130, 101758, 98130, 105425, 103761, 172945, 173145, 173829, 290716, 107575, 109205, 96535, 100509, 170566, 176245, 176741, 171629, 97699, 175471, 179723, 103749, 102835, 97213, 102565, 173212, 104621, 108161, 95046, 94896, 173251, 101873, 95032, 95009, 94887, 118697, 95093, 102698, 108053, 96654, 105784]"}
2026-05-15 19:47:46 | DEBUG    | Lot 0–50 ajouté (album id=68)
2026-05-15 19:47:46 | INFO     | 50 photos ajoutées à l'album id=68
2026-05-15 19:47:46 | DEBUG    | → SYNO.Foto.Sharing.Passphrase.update  {"passphrase": "3X9jqgrHY"}
2026-05-15 19:47:47 | INFO     | Album partagé : http://192.168.1.142:5000/photo/mo/sharing/3X9jqgrHY
2026-05-15 19:47:47 | DEBUG    | item_ids ajoutés (50) : 103486, 176461, 103571, 177375, 100806, 98165, 108995, 97781, 100638, 100467 … (+40 autres)
2026-05-15 19:47:47 | INFO     | URL de l'album : http://192.168.1.142:5000/photo/mo/sharing/3X9jqgrHY
2026-05-15 19:47:47 | DEBUG    | AUTH logout
2026-05-15 19:47:47 | INFO     | Session fermée
2026-05-15 20:05:14 | INFO     | ==================================================
2026-05-15 20:05:14 | INFO     | Lancement - Friday 15 May 2026
2026-05-15 20:05:14 | DEBUG    | Connexion directe (locale) : http://192.168.1.142:5000
2026-05-15 20:05:14 | DEBUG    | AUTH login → http://192.168.1.142:5000/photo/webapi/auth.cgi
2026-05-15 20:05:17 | INFO     | Connecté au NAS (compte : robot, url : http://192.168.1.142:5000)
2026-05-15 20:05:17 | INFO     | Chemins exclus de l'index : ['19*', 'VHS*']
2026-05-15 20:05:17 | DEBUG    | Cache valide (âge : 1.0h)
2026-05-15 20:05:17 | INFO     | Index chargé depuis le cache : 24835 photos (généré le 2026-05-15T19:08:08)
2026-05-15 20:05:17 | INFO     | Index pret : 24835 photos disponibles
2026-05-15 20:05:17 | INFO     | Thème forcé : random
2026-05-15 20:05:17 | INFO     | RandomTheme : 50 photo(s) sélectionnée(s)
2026-05-15 20:05:17 | INFO     | Preparation de l'album : << Album du jour — Aleatoire >>
2026-05-15 20:05:17 | INFO     | Photos a ajouter : 50 (theme : random)
2026-05-15 20:05:17 | DEBUG    | → SYNO.Foto.Browse.NormalAlbum.list  {"offset": 0, "limit": 100}
2026-05-15 20:05:17 | INFO     | Album introuvable — creation de << Album du jour — Aleatoire >>
2026-05-15 20:05:17 | DEBUG    | → SYNO.Foto.Browse.NormalAlbum.create  {"name": "Album du jour — Aleatoire"}
2026-05-15 20:05:18 | INFO     | Album créé : « Album du jour — Aleatoire » (id=69) — configurez le partage dans Synology Photos
2026-05-15 20:05:18 | DEBUG    | → SYNO.Foto.Browse.NormalAlbum.add_item  {"id": 69, "item": "[106630, 176729, 96045, 175080, 101506, 173715, 176743, 102350, 105818, 103955, 173216, 108467, 95640, 96867, 100977, 107832, 105261, 96908, 100256, 175159, 101132, 105130, 104536, 175758, 176066, 107040, 172178, 179724, 285935, 287396, 172508, 94558, 177648, 177602, 104890, 171838, 99044, 97607, 103929, 173173, 98092, 95290, 175521, 104022, 107244, 173808, 286222, 95570, 285957, 173895]"}
2026-05-15 20:05:20 | DEBUG    | Lot 0–50 ajouté (album id=69)
2026-05-15 20:05:20 | INFO     | 50 photos ajoutées à l'album id=69
2026-05-15 20:05:20 | INFO     | Album << Album du jour — Aleatoire >> mis a jour
2026-05-15 20:05:20 | DEBUG    | AUTH logout
2026-05-15 20:05:21 | INFO     | Session fermée
2026-05-15 21:06:49 | INFO     | ==================================================
2026-05-15 21:06:49 | INFO     | Lancement - Friday 15 May 2026
2026-05-15 21:06:49 | DEBUG    | Connexion directe (locale) : http://192.168.1.142:5000
2026-05-15 21:06:49 | DEBUG    | AUTH login → http://192.168.1.142:5000/photo/webapi/auth.cgi
2026-05-15 21:06:53 | INFO     | Connecté au NAS (compte : robot, url : http://192.168.1.142:5000)
2026-05-15 21:06:53 | INFO     | Chemins exclus de l'index : ['19*', 'VHS*']
2026-05-15 21:06:53 | DEBUG    | Cache valide (âge : 2.0h)
2026-05-15 21:06:53 | INFO     | Index chargé depuis le cache : 24835 photos (généré le 2026-05-15T19:08:08)
2026-05-15 21:06:53 | INFO     | Index pret : 24835 photos disponibles
2026-05-15 21:06:53 | INFO     | Thème forcé : random
2026-05-15 21:06:53 | INFO     | RandomTheme : 50 photo(s) sélectionnée(s)
2026-05-15 21:06:53 | INFO     | Preparation de l'album : << Album du jour — Aleatoire >>
2026-05-15 21:06:53 | INFO     | Photos a ajouter : 50 (theme : random)
2026-05-15 21:06:53 | DEBUG    | → SYNO.Foto.Browse.NormalAlbum.list  {"offset": 0, "limit": 100}
2026-05-15 21:06:53 | INFO     | Album existant (id=69) — remplacement des photos
2026-05-15 21:06:53 | DEBUG    | → SYNO.Foto.Browse.Item.list  {"album_id": 69, "offset": 0, "limit": 500}
2026-05-15 21:06:53 | DEBUG    | → SYNO.Foto.Browse.NormalAlbum.remove_item  {"id": 69, "item": "[287396, 286222, 285957, 285935, 179724, 105261, 177648, 177602, 104536, 176743, 176729, 104890, 176066, 105130, 103929, 104022, 103955, 102350, 171838, 101506, 101132, 100977, 172508, 98092, 100256, 172178, 97607, 96908, 96867, 173715, 173808, 173173, 173216, 173895, 96045, 175080, 95640, 95570, 175159, 175521, 95290, 175758, 99044, 105818, 94558, 107832, 107040, 107244, 108467, 106630]"}
2026-05-15 21:06:53 | DEBUG    | AUTH logout
2026-05-15 21:06:54 | INFO     | Session fermée
2026-05-15 21:06:54 | ERROR    | Erreur API Synology : Erreur API SYNO.Foto.Browse.NormalAlbum.remove_item : code 103
2026-05-15 21:08:55 | INFO     | ==================================================
2026-05-15 21:08:55 | INFO     | Lancement - Friday 15 May 2026
2026-05-15 21:08:55 | DEBUG    | Connexion directe (locale) : http://192.168.1.142:5000
2026-05-15 21:08:55 | DEBUG    | AUTH login → http://192.168.1.142:5000/photo/webapi/auth.cgi
2026-05-15 21:08:57 | INFO     | Connecté au NAS (compte : robot, url : http://192.168.1.142:5000)
2026-05-15 21:08:57 | INFO     | Chemins exclus de l'index : ['19*', 'VHS*']
2026-05-15 21:08:57 | DEBUG    | Cache valide (âge : 2.0h)
2026-05-15 21:08:57 | INFO     | Index chargé depuis le cache : 24835 photos (généré le 2026-05-15T19:08:08)
2026-05-15 21:08:57 | INFO     | Index pret : 24835 photos disponibles
2026-05-15 21:08:57 | INFO     | Thème forcé : random
2026-05-15 21:08:57 | INFO     | RandomTheme : 50 photo(s) sélectionnée(s)
2026-05-15 21:08:57 | INFO     | Preparation de l'album : << Album du jour — Aleatoire >>
2026-05-15 21:08:57 | INFO     | Photos a ajouter : 50 (theme : random)
2026-05-15 21:08:57 | DEBUG    | → SYNO.Foto.Browse.NormalAlbum.list  {"offset": 0, "limit": 100}
2026-05-15 21:08:57 | INFO     | Album existant (id=69) — remplacement des photos
2026-05-15 21:08:57 | DEBUG    | → SYNO.Foto.Browse.Item.list  {"album_id": 69, "offset": 0, "limit": 500}
2026-05-15 21:08:57 | DEBUG    | → SYNO.Foto.Browse.NormalAlbum.delete_item  {"id": 69, "item": "[287396, 286222, 285957, 285935, 179724, 105261, 177648, 177602, 104536, 176743, 176729, 104890, 176066, 105130, 103929, 104022, 103955, 102350, 171838, 101506, 101132, 100977, 172508, 98092, 100256, 172178, 97607, 96908, 96867, 173715, 173808, 173173, 173216, 173895, 96045, 175080, 95640, 95570, 175159, 175521, 95290, 175758, 99044, 105818, 94558, 107832, 107040, 107244, 108467, 106630]"}
2026-05-15 21:08:57 | INFO     | Album id=69 vidé (50 photos supprimées)
2026-05-15 21:08:57 | DEBUG    | → SYNO.Foto.Browse.NormalAlbum.add_item  {"id": 69, "item": "[98169, 176297, 118935, 95468, 286456, 172682, 298890, 102519, 103081, 102618, 173586, 103650, 118532, 173621, 177405, 173864, 118322, 95656, 96834, 104412, 107731, 175229, 170887, 176818, 108146, 95569, 102944, 105908, 100862, 118353, 103886, 173587, 107136, 173024, 287090, 103819, 177111, 103358, 105777, 108414, 173812, 100067, 95949, 171877, 97364, 103930, 102989, 197241, 104405, 171888]"}
2026-05-15 21:08:59 | DEBUG    | Lot 0–50 ajouté (album id=69)
2026-05-15 21:08:59 | INFO     | 50 photos ajoutées à l'album id=69
2026-05-15 21:08:59 | INFO     | Album << Album du jour — Aleatoire >> mis a jour
2026-05-15 21:08:59 | DEBUG    | AUTH logout
2026-05-15 21:09:00 | INFO     | Session fermée
2026-05-15 21:15:20 | INFO     | ==================================================
2026-05-15 21:15:20 | INFO     | Lancement - Friday 15 May 2026
2026-05-15 21:15:20 | DEBUG    | Connexion directe (locale) : http://192.168.1.142:5000
2026-05-15 21:15:20 | DEBUG    | AUTH login → http://192.168.1.142:5000/photo/webapi/auth.cgi
2026-05-15 21:15:24 | INFO     | Connecté au NAS (compte : robot, url : http://192.168.1.142:5000)
2026-05-15 21:15:24 | INFO     | Chemins exclus de l'index : ['19*', 'VHS*', 'MobileBackup', 'iphone*', '200700*']
2026-05-15 21:15:24 | DEBUG    | Cache valide (âge : 2.1h)
2026-05-15 21:15:25 | INFO     | Index chargé depuis le cache : 24835 photos (généré le 2026-05-15T19:08:08)
2026-05-15 21:15:25 | INFO     | Index pret : 24835 photos disponibles
2026-05-15 21:15:25 | INFO     | Thème forcé : random
2026-05-15 21:15:25 | INFO     | RandomTheme : 50 photo(s) sélectionnée(s)
2026-05-15 21:15:25 | INFO     | Preparation de l'album : << Album du jour — Aleatoire >>
2026-05-15 21:15:25 | INFO     | Photos a ajouter : 50 (theme : random)
2026-05-15 21:15:25 | DEBUG    | → SYNO.Foto.Browse.NormalAlbum.list  {"offset": 0, "limit": 100}
2026-05-15 21:15:25 | INFO     | Album existant (id=69) — remplacement des photos
2026-05-15 21:15:25 | DEBUG    | → SYNO.Foto.Browse.Item.list  {"album_id": 69, "offset": 0, "limit": 500}
2026-05-15 21:15:25 | DEBUG    | → SYNO.Foto.Browse.NormalAlbum.delete_item  {"id": 69, "item": "[298890, 287090, 286456, 177405, 177111, 176818, 176297, 104412, 104405, 103930, 103886, 103819, 103650, 103081, 170887, 102989, 102944, 103358, 102618, 102519, 171877, 171888, 100862, 98169, 172682, 100067, 97364, 96834, 173586, 173587, 173621, 173024, 173812, 173864, 95949, 95656, 95569, 95468, 175229, 197241, 105777, 118532, 118935, 118353, 118322, 105908, 108146, 107136, 108414]"}
2026-05-15 21:15:26 | INFO     | Album id=69 vidé (49 photos supprimées)
2026-05-15 21:15:26 | DEBUG    | → SYNO.Foto.Browse.NormalAlbum.add_item  {"id": 69, "item": "[170886, 101305, 100158, 108541, 105933, 99980, 172309, 97880, 109010, 177681, 171317, 171579, 104808, 99550, 176340, 100077, 101935, 104659, 94969, 103308, 98484, 106284, 171156, 106568, 97685, 96926, 107416, 105691, 170726, 94729, 97290, 174245, 173164, 99287, 178484, 290742, 100963, 106716, 105795, 177745, 177671, 97578, 99032, 105291, 175580, 107038, 286140, 174353, 101926, 175015]"}
2026-05-15 21:15:30 | DEBUG    | Lot 0–50 ajouté (album id=69)
2026-05-15 21:15:30 | INFO     | 50 photos ajoutées à l'album id=69
2026-05-15 21:15:30 | INFO     | Album << Album du jour — Aleatoire >> mis a jour
2026-05-15 21:15:30 | DEBUG    | AUTH logout
2026-05-15 21:15:31 | INFO     | Session fermée
2026-05-15 21:16:42 | INFO     | ==================================================
2026-05-15 21:16:42 | INFO     | Lancement - Friday 15 May 2026
2026-05-15 21:16:42 | DEBUG    | Connexion directe (locale) : http://192.168.1.142:5000
2026-05-15 21:16:42 | DEBUG    | AUTH login → http://192.168.1.142:5000/photo/webapi/auth.cgi
2026-05-15 21:16:43 | INFO     | Connecté au NAS (compte : robot, url : http://192.168.1.142:5000)
2026-05-15 21:16:43 | INFO     | Chemins exclus de l'index : ['19*', 'VHS*', 'MobileBackup', 'iphone*', '200700*']
2026-05-15 21:16:43 | DEBUG    | Cache valide (âge : 2.1h)
2026-05-15 21:16:43 | INFO     | Index chargé depuis le cache : 24835 photos (généré le 2026-05-15T19:08:08)
2026-05-15 21:16:43 | INFO     | Index pret : 24835 photos disponibles
2026-05-15 21:16:43 | INFO     | Thème forcé : random
2026-05-15 21:16:43 | INFO     | RandomTheme : 50 photo(s) sélectionnée(s)
2026-05-15 21:16:43 | INFO     | Preparation de l'album : << Album du jour — Aleatoire >>
2026-05-15 21:16:43 | INFO     | Photos a ajouter : 50 (theme : random)
2026-05-15 21:16:43 | DEBUG    | → SYNO.Foto.Browse.NormalAlbum.list  {"offset": 0, "limit": 100}
2026-05-15 21:16:43 | INFO     | Album existant (id=69) — remplacement des photos
2026-05-15 21:16:43 | DEBUG    | → SYNO.Foto.Browse.Item.list  {"album_id": 69, "offset": 0, "limit": 500}
2026-05-15 21:16:43 | DEBUG    | → SYNO.Foto.Browse.NormalAlbum.delete_item  {"id": 69, "item": "[290742, 286140, 105291, 177745, 177681, 177671, 104659, 104808, 176340, 170726, 170886, 103308, 171156, 101935, 101926, 171579, 101305, 100963, 172309, 100158, 100077, 99980, 97290, 97685, 97578, 97880, 96926, 98484, 173164, 99550, 178484, 174245, 174353, 175015, 175580, 171317, 99287, 99032, 94969, 94729, 105691, 105795, 105933, 109010, 107038, 108541, 107416, 106568, 106716, 106284]"}
2026-05-15 21:16:44 | INFO     | Album id=69 vidé (50 photos supprimées)
2026-05-15 21:16:44 | DEBUG    | → SYNO.Foto.Browse.NormalAlbum.add_item  {"id": 69, "item": "[107035, 99296, 95768, 106976, 174996, 97828, 295077, 103815, 108886, 108518, 175663, 171827, 130761, 99383, 173827, 100616, 171532, 176530, 100728, 172108, 97571, 98320, 98840, 105200, 170560, 173009, 103022, 176761, 104474, 175735, 106731, 107965, 97030, 118755, 95396, 108678, 174415, 107421, 130650, 108393, 100119, 97125, 173454, 100078, 95649, 176609, 97929, 108586, 105133, 105157]"}
2026-05-15 21:16:46 | DEBUG    | Lot 0–50 ajouté (album id=69)
2026-05-15 21:16:46 | INFO     | 50 photos ajoutées à l'album id=69
2026-05-15 21:16:46 | INFO     | Album << Album du jour — Aleatoire >> mis a jour
2026-05-15 21:16:46 | DEBUG    | AUTH logout
2026-05-15 21:16:47 | INFO     | Session fermée
2026-05-15 21:21:51 | INFO     | ==================================================
2026-05-15 21:21:51 | INFO     | Lancement - Friday 15 May 2026
2026-05-15 21:21:51 | INFO     | MODE DRY-RUN - aucune modification sur le NAS
2026-05-15 21:21:51 | INFO     | Mode DRY-RUN activé — aucune modification ne sera faite sur le NAS
2026-05-15 21:21:51 | DEBUG    | Connexion directe (locale) : http://192.168.1.142:5000
2026-05-15 21:21:51 | DEBUG    | AUTH login → http://192.168.1.142:5000/photo/webapi/auth.cgi
2026-05-15 21:21:53 | INFO     | Connecté au NAS (compte : robot, url : http://192.168.1.142:5000)
2026-05-15 21:21:53 | INFO     | Chemins exclus de l'index : ['19*', 'VHS*', 'MobileBackup', 'iphone*', '200700*']
2026-05-15 21:21:53 | INFO     | Reconstruction forcée de l'index (--rebuild-index)
2026-05-15 21:21:53 | INFO     | Reconstruction de l'index en cours…
2026-05-15 21:21:53 | DEBUG    | → SYNO.FotoTeam.Browse.Folder.list_parents  {}
2026-05-15 21:21:53 | INFO     | Dossier exclu (config) : 1901 - Photo Maman
2026-05-15 21:21:53 | INFO     | Dossier exclu (config) : 1990 - Photos Auménancourt
2026-05-15 21:21:53 | INFO     | Dossier exclu (config) : 198000 - Gacoin
2026-05-15 21:21:53 | INFO     | Dossier exclu (config) : 199000 - Diapositives Auménancourt
2026-05-15 21:21:53 | INFO     | Dossier exclu (config) : 199000 Candice
2026-05-15 21:21:53 | INFO     | Dossier exclu (config) : 199001 - Candice
2026-05-15 21:21:53 | INFO     | Dossier exclu (config) : 199002 - Copains
2026-05-15 21:21:53 | INFO     | Dossier exclu (config) : 199901
2026-05-15 21:21:53 | INFO     | Dossier exclu (config) : 200700 - et Avant
2026-05-15 21:21:53 | INFO     | Dossier exclu (config) : iphone Yves
2026-05-15 21:21:53 | INFO     | Dossier exclu (config) : MobileBackup
2026-05-15 21:21:53 | INFO     | Dossier exclu (config) : VHS Auménancourt
2026-05-15 21:21:53 | INFO     | Dossier exclu (config) : VHS Candice
2026-05-15 21:21:53 | DEBUG    | → SYNO.FotoTeam.Browse.Folder.list  {"id": 1, "offset": 0, "limit": 500}
2026-05-15 21:21:54 | INFO     | Dossier exclu (config) : 1901 - Photo Maman
2026-05-15 21:21:54 | INFO     | Dossier exclu (config) : 1990 - Photos Auménancourt
2026-05-15 21:21:54 | INFO     | Dossier exclu (config) : 198000 - Gacoin
2026-05-15 21:21:54 | INFO     | Dossier exclu (config) : 199000 - Diapositives Auménancourt
2026-05-15 21:21:54 | INFO     | Dossier exclu (config) : 199000 Candice
2026-05-15 21:21:54 | INFO     | Dossier exclu (config) : 199001 - Candice
2026-05-15 21:21:54 | INFO     | Dossier exclu (config) : 199002 - Copains
2026-05-15 21:21:54 | INFO     | Dossier exclu (config) : 199901
2026-05-15 21:21:54 | INFO     | Dossier exclu (config) : 200700 - et Avant
2026-05-15 21:21:54 | INFO     | Dossier exclu (config) : iphone Yves
2026-05-15 21:21:54 | INFO     | Dossier exclu (config) : MobileBackup
2026-05-15 21:21:54 | INFO     | Dossier exclu (config) : VHS Auménancourt
2026-05-15 21:21:54 | INFO     | Dossier exclu (config) : VHS Candice
2026-05-15 21:21:54 | DEBUG    | → SYNO.FotoTeam.Browse.Folder.list  {"id": 2917, "offset": 0, "limit": 500}
2026-05-15 21:21:54 | DEBUG    | → SYNO.FotoTeam.Browse.Folder.list  {"id": 1096, "offset": 0, "limit": 500}
2026-05-15 21:21:54 | DEBUG    | → SYNO.FotoTeam.Browse.Folder.list  {"id": 1229, "offset": 0, "limit": 500}
2026-05-15 21:21:54 | DEBUG    | → SYNO.FotoTeam.Browse.Folder.list  {"id": 1255, "offset": 0, "limit": 500}
2026-05-15 21:21:54 | DEBUG    | → SYNO.FotoTeam.Browse.Folder.list  {"id": 1253, "offset": 0, "limit": 500}
2026-05-15 21:21:54 | DEBUG    | → SYNO.FotoTeam.Browse.Folder.list  {"id": 1247, "offset": 0, "limit": 500}
2026-05-15 21:21:54 | DEBUG    | → SYNO.FotoTeam.Browse.Folder.list  {"id": 1272, "offset": 0, "limit": 500}
2026-05-15 21:21:54 | DEBUG    | → SYNO.FotoTeam.Browse.Folder.list  {"id": 1095, "offset": 0, "limit": 500}
2026-05-15 21:21:54 | DEBUG    | → SYNO.FotoTeam.Browse.Folder.list  {"id": 1097, "offset": 0, "limit": 500}
2026-05-15 21:21:54 | DEBUG    | → SYNO.FotoTeam.Browse.Folder.list  {"id": 1098, "offset": 0, "limit": 500}
2026-05-15 21:21:54 | DEBUG    | → SYNO.FotoTeam.Browse.Folder.list  {"id": 1099, "offset": 0, "limit": 500}
2026-05-15 21:21:54 | DEBUG    | → SYNO.FotoTeam.Browse.Folder.list  {"id": 1100, "offset": 0, "limit": 500}
2026-05-15 21:21:55 | DEBUG    | → SYNO.FotoTeam.Browse.Folder.list  {"id": 1101, "offset": 0, "limit": 500}
2026-05-15 21:21:55 | DEBUG    | → SYNO.FotoTeam.Browse.Folder.list  {"id": 1102, "offset": 0, "limit": 500}
2026-05-15 21:21:55 | DEBUG    | → SYNO.FotoTeam.Browse.Folder.list  {"id": 1103, "offset": 0, "limit": 500}
2026-05-15 21:21:55 | DEBUG    | → SYNO.FotoTeam.Browse.Folder.list  {"id": 1104, "offset": 0, "limit": 500}
2026-05-15 21:21:55 | DEBUG    | → SYNO.FotoTeam.Browse.Folder.list  {"id": 1105, "offset": 0, "limit": 500}
2026-05-15 21:21:55 | DEBUG    | → SYNO.FotoTeam.Browse.Folder.list  {"id": 1106, "offset": 0, "limit": 500}
2026-05-15 21:21:55 | DEBUG    | → SYNO.FotoTeam.Browse.Folder.list  {"id": 1107, "offset": 0, "limit": 500}
2026-05-15 21:21:55 | DEBUG    | → SYNO.FotoTeam.Browse.Folder.list  {"id": 1110, "offset": 0, "limit": 500}
2026-05-15 21:21:55 | DEBUG    | → SYNO.FotoTeam.Browse.Folder.list  {"id": 1111, "offset": 0, "limit": 500}
2026-05-15 21:21:55 | DEBUG    | → SYNO.FotoTeam.Browse.Folder.list  {"id": 1112, "offset": 0, "limit": 500}
2026-05-15 21:21:55 | DEBUG    | → SYNO.FotoTeam.Browse.Folder.list  {"id": 1113, "offset": 0, "limit": 500}
2026-05-15 21:21:55 | DEBUG    | → SYNO.FotoTeam.Browse.Folder.list  {"id": 1114, "offset": 0, "limit": 500}
2026-05-15 21:21:56 | DEBUG    | → SYNO.FotoTeam.Browse.Folder.list  {"id": 1115, "offset": 0, "limit": 500}
2026-05-15 21:21:56 | DEBUG    | → SYNO.FotoTeam.Browse.Folder.list  {"id": 1116, "offset": 0, "limit": 500}
2026-05-15 21:21:56 | DEBUG    | → SYNO.FotoTeam.Browse.Folder.list  {"id": 1117, "offset": 0, "limit": 500}
2026-05-15 21:21:56 | DEBUG    | → SYNO.FotoTeam.Browse.Folder.list  {"id": 1120, "offset": 0, "limit": 500}
2026-05-15 21:21:56 | DEBUG    | → SYNO.FotoTeam.Browse.Folder.list  {"id": 1121, "offset": 0, "limit": 500}
2026-05-15 21:21:56 | DEBUG    | → SYNO.FotoTeam.Browse.Folder.list  {"id": 1122, "offset": 0, "limit": 500}
2026-05-15 21:21:56 | DEBUG    | → SYNO.FotoTeam.Browse.Folder.list  {"id": 1123, "offset": 0, "limit": 500}
2026-05-15 21:21:56 | DEBUG    | → SYNO.FotoTeam.Browse.Folder.list  {"id": 1124, "offset": 0, "limit": 500}
2026-05-15 21:21:56 | DEBUG    | → SYNO.FotoTeam.Browse.Folder.list  {"id": 1125, "offset": 0, "limit": 500}
2026-05-15 21:21:56 | DEBUG    | → SYNO.FotoTeam.Browse.Folder.list  {"id": 1126, "offset": 0, "limit": 500}
2026-05-15 21:21:56 | DEBUG    | → SYNO.FotoTeam.Browse.Folder.list  {"id": 1127, "offset": 0, "limit": 500}
2026-05-15 21:21:56 | DEBUG    | → SYNO.FotoTeam.Browse.Folder.list  {"id": 1128, "offset": 0, "limit": 500}
2026-05-15 21:21:56 | DEBUG    | → SYNO.FotoTeam.Browse.Folder.list  {"id": 1129, "offset": 0, "limit": 500}
2026-05-15 21:21:56 | DEBUG    | → SYNO.FotoTeam.Browse.Folder.list  {"id": 1130, "offset": 0, "limit": 500}
2026-05-15 21:21:57 | DEBUG    | → SYNO.FotoTeam.Browse.Folder.list  {"id": 1131, "offset": 0, "limit": 500}
2026-05-15 21:21:57 | DEBUG    | → SYNO.FotoTeam.Browse.Folder.list  {"id": 1132, "offset": 0, "limit": 500}
2026-05-15 21:21:57 | DEBUG    | → SYNO.FotoTeam.Browse.Folder.list  {"id": 1133, "offset": 0, "limit": 500}
2026-05-15 21:21:57 | DEBUG    | → SYNO.FotoTeam.Browse.Folder.list  {"id": 1135, "offset": 0, "limit": 500}
2026-05-15 21:21:57 | DEBUG    | → SYNO.FotoTeam.Browse.Folder.list  {"id": 1136, "offset": 0, "limit": 500}
2026-05-15 21:21:57 | DEBUG    | → SYNO.FotoTeam.Browse.Folder.list  {"id": 1138, "offset": 0, "limit": 500}
2026-05-15 21:21:57 | DEBUG    | → SYNO.FotoTeam.Browse.Folder.list  {"id": 1139, "offset": 0, "limit": 500}
2026-05-15 21:21:57 | DEBUG    | → SYNO.FotoTeam.Browse.Folder.list  {"id": 1140, "offset": 0, "limit": 500}
2026-05-15 21:21:57 | DEBUG    | → SYNO.FotoTeam.Browse.Folder.list  {"id": 1141, "offset": 0, "limit": 500}
2026-05-15 21:21:57 | DEBUG    | → SYNO.FotoTeam.Browse.Folder.list  {"id": 1142, "offset": 0, "limit": 500}
2026-05-15 21:21:57 | DEBUG    | → SYNO.FotoTeam.Browse.Folder.list  {"id": 1144, "offset": 0, "limit": 500}
2026-05-15 21:21:58 | DEBUG    | → SYNO.FotoTeam.Browse.Folder.list  {"id": 1145, "offset": 0, "limit": 500}
2026-05-15 21:21:58 | DEBUG    | → SYNO.FotoTeam.Browse.Folder.list  {"id": 1192, "offset": 0, "limit": 500}
2026-05-15 21:21:58 | DEBUG    | → SYNO.FotoTeam.Browse.Folder.list  {"id": 1193, "offset": 0, "limit": 500}
2026-05-15 21:21:58 | DEBUG    | → SYNO.FotoTeam.Browse.Folder.list  {"id": 1194, "offset": 0, "limit": 500}
2026-05-15 21:21:58 | DEBUG    | → SYNO.FotoTeam.Browse.Folder.list  {"id": 1195, "offset": 0, "limit": 500}
2026-05-15 21:21:58 | DEBUG    | → SYNO.FotoTeam.Browse.Folder.list  {"id": 1196, "offset": 0, "limit": 500}
2026-05-15 21:21:58 | DEBUG    | → SYNO.FotoTeam.Browse.Folder.list  {"id": 1197, "offset": 0, "limit": 500}
2026-05-15 21:21:58 | DEBUG    | → SYNO.FotoTeam.Browse.Folder.list  {"id": 1198, "offset": 0, "limit": 500}
2026-05-15 21:21:58 | DEBUG    | → SYNO.FotoTeam.Browse.Folder.list  {"id": 1199, "offset": 0, "limit": 500}
2026-05-15 21:21:58 | DEBUG    | → SYNO.FotoTeam.Browse.Folder.list  {"id": 1200, "offset": 0, "limit": 500}
2026-05-15 21:21:58 | DEBUG    | → SYNO.FotoTeam.Browse.Folder.list  {"id": 1201, "offset": 0, "limit": 500}
2026-05-15 21:21:59 | DEBUG    | → SYNO.FotoTeam.Browse.Folder.list  {"id": 1202, "offset": 0, "limit": 500}
2026-05-15 21:21:59 | DEBUG    | → SYNO.FotoTeam.Browse.Folder.list  {"id": 1203, "offset": 0, "limit": 500}
2026-05-15 21:21:59 | DEBUG    | → SYNO.FotoTeam.Browse.Folder.list  {"id": 1204, "offset": 0, "limit": 500}
2026-05-15 21:21:59 | DEBUG    | → SYNO.FotoTeam.Browse.Folder.list  {"id": 1205, "offset": 0, "limit": 500}
2026-05-15 21:21:59 | DEBUG    | → SYNO.FotoTeam.Browse.Folder.list  {"id": 1207, "offset": 0, "limit": 500}
2026-05-15 21:21:59 | DEBUG    | → SYNO.FotoTeam.Browse.Folder.list  {"id": 1208, "offset": 0, "limit": 500}
2026-05-15 21:21:59 | DEBUG    | → SYNO.FotoTeam.Browse.Folder.list  {"id": 1209, "offset": 0, "limit": 500}
2026-05-15 21:21:59 | DEBUG    | → SYNO.FotoTeam.Browse.Folder.list  {"id": 1210, "offset": 0, "limit": 500}
2026-05-15 21:21:59 | DEBUG    | → SYNO.FotoTeam.Browse.Folder.list  {"id": 1211, "offset": 0, "limit": 500}
2026-05-15 21:21:59 | DEBUG    | → SYNO.FotoTeam.Browse.Folder.list  {"id": 1212, "offset": 0, "limit": 500}
2026-05-15 21:21:59 | DEBUG    | → SYNO.FotoTeam.Browse.Folder.list  {"id": 1213, "offset": 0, "limit": 500}
2026-05-15 21:21:59 | DEBUG    | → SYNO.FotoTeam.Browse.Folder.list  {"id": 1214, "offset": 0, "limit": 500}
2026-05-15 21:22:00 | DEBUG    | → SYNO.FotoTeam.Browse.Folder.list  {"id": 1227, "offset": 0, "limit": 500}
2026-05-15 21:22:00 | DEBUG    | → SYNO.FotoTeam.Browse.Folder.list  {"id": 1228, "offset": 0, "limit": 500}
2026-05-15 21:22:00 | DEBUG    | → SYNO.FotoTeam.Browse.Folder.list  {"id": 1752, "offset": 0, "limit": 500}
2026-05-15 21:22:00 | DEBUG    | → SYNO.FotoTeam.Browse.Folder.list  {"id": 1902, "offset": 0, "limit": 500}
2026-05-15 21:22:00 | DEBUG    | → SYNO.FotoTeam.Browse.Folder.list  {"id": 1906, "offset": 0, "limit": 500}
2026-05-15 21:22:00 | DEBUG    | → SYNO.FotoTeam.Browse.Folder.list  {"id": 2450, "offset": 0, "limit": 500}
2026-05-15 21:22:00 | DEBUG    | → SYNO.FotoTeam.Browse.Folder.list  {"id": 2663, "offset": 0, "limit": 500}
2026-05-15 21:22:00 | DEBUG    | → SYNO.FotoTeam.Browse.Folder.list  {"id": 2662, "offset": 0, "limit": 500}
2026-05-15 21:22:00 | DEBUG    | → SYNO.FotoTeam.Browse.Folder.list  {"id": 2851, "offset": 0, "limit": 500}
2026-05-15 21:22:00 | DEBUG    | → SYNO.FotoTeam.Browse.Folder.list  {"id": 2665, "offset": 0, "limit": 500}
2026-05-15 21:22:00 | DEBUG    | → SYNO.FotoTeam.Browse.Folder.list  {"id": 2852, "offset": 0, "limit": 500}
2026-05-15 21:22:00 | DEBUG    | → SYNO.FotoTeam.Browse.Folder.list  {"id": 2929, "offset": 0, "limit": 500}
2026-05-15 21:22:01 | DEBUG    | → SYNO.FotoTeam.Browse.Folder.list  {"id": 2974, "offset": 0, "limit": 500}
2026-05-15 21:22:01 | DEBUG    | → SYNO.FotoTeam.Browse.Folder.list  {"id": 2447, "offset": 0, "limit": 500}
2026-05-15 21:22:01 | DEBUG    | → SYNO.FotoTeam.Browse.Folder.list  {"id": 1669, "offset": 0, "limit": 500}
2026-05-15 21:22:01 | DEBUG    | → SYNO.FotoTeam.Browse.Folder.list  {"id": 1680, "offset": 0, "limit": 500}
2026-05-15 21:22:01 | DEBUG    | → SYNO.FotoTeam.Browse.Folder.list  {"id": 1252, "offset": 0, "limit": 500}
2026-05-15 21:22:01 | DEBUG    | → SYNO.FotoTeam.Browse.Folder.list  {"id": 1679, "offset": 0, "limit": 500}
2026-05-15 21:22:01 | DEBUG    | → SYNO.FotoTeam.Browse.Folder.list  {"id": 2093, "offset": 0, "limit": 500}
2026-05-15 21:22:01 | INFO     | Dossier exclu (config) : Video - Perso//Video - Perso/Iphone Candice
2026-05-15 21:22:01 | DEBUG    | → SYNO.FotoTeam.Browse.Folder.list  {"id": 1676, "offset": 0, "limit": 500}
2026-05-15 21:22:01 | DEBUG    | → SYNO.FotoTeam.Browse.Folder.list  {"id": 2917, "offset": 0, "limit": 500}
2026-05-15 21:22:01 | DEBUG    | → SYNO.FotoTeam.Browse.Folder.list  {"id": 1096, "offset": 0, "limit": 500}
2026-05-15 21:22:01 | DEBUG    | → SYNO.FotoTeam.Browse.Folder.list  {"id": 1229, "offset": 0, "limit": 500}
2026-05-15 21:22:01 | DEBUG    | → SYNO.FotoTeam.Browse.Folder.list  {"id": 1255, "offset": 0, "limit": 500}
2026-05-15 21:22:01 | DEBUG    | → SYNO.FotoTeam.Browse.Folder.list  {"id": 1253, "offset": 0, "limit": 500}
2026-05-15 21:22:02 | DEBUG    | → SYNO.FotoTeam.Browse.Folder.list  {"id": 1247, "offset": 0, "limit": 500}
2026-05-15 21:22:02 | DEBUG    | → SYNO.FotoTeam.Browse.Folder.list  {"id": 1272, "offset": 0, "limit": 500}
2026-05-15 21:22:02 | DEBUG    | → SYNO.FotoTeam.Browse.Folder.list  {"id": 1095, "offset": 0, "limit": 500}
2026-05-15 21:22:02 | DEBUG    | → SYNO.FotoTeam.Browse.Folder.list  {"id": 1097, "offset": 0, "limit": 500}
2026-05-15 21:22:02 | DEBUG    | → SYNO.FotoTeam.Browse.Folder.list  {"id": 1098, "offset": 0, "limit": 500}
2026-05-15 21:22:02 | DEBUG    | → SYNO.FotoTeam.Browse.Folder.list  {"id": 1099, "offset": 0, "limit": 500}
2026-05-15 21:22:02 | DEBUG    | → SYNO.FotoTeam.Browse.Folder.list  {"id": 1100, "offset": 0, "limit": 500}
2026-05-15 21:22:02 | DEBUG    | → SYNO.FotoTeam.Browse.Folder.list  {"id": 1101, "offset": 0, "limit": 500}
2026-05-15 21:22:02 | DEBUG    | → SYNO.FotoTeam.Browse.Folder.list  {"id": 1102, "offset": 0, "limit": 500}
2026-05-15 21:22:02 | DEBUG    | → SYNO.FotoTeam.Browse.Folder.list  {"id": 1103, "offset": 0, "limit": 500}
2026-05-15 21:22:02 | DEBUG    | → SYNO.FotoTeam.Browse.Folder.list  {"id": 1104, "offset": 0, "limit": 500}
2026-05-15 21:22:02 | DEBUG    | → SYNO.FotoTeam.Browse.Folder.list  {"id": 1105, "offset": 0, "limit": 500}
2026-05-15 21:22:02 | DEBUG    | → SYNO.FotoTeam.Browse.Folder.list  {"id": 1106, "offset": 0, "limit": 500}
2026-05-15 21:22:03 | DEBUG    | → SYNO.FotoTeam.Browse.Folder.list  {"id": 1107, "offset": 0, "limit": 500}
2026-05-15 21:22:03 | DEBUG    | → SYNO.FotoTeam.Browse.Folder.list  {"id": 1110, "offset": 0, "limit": 500}
2026-05-15 21:22:03 | DEBUG    | → SYNO.FotoTeam.Browse.Folder.list  {"id": 1111, "offset": 0, "limit": 500}
2026-05-15 21:22:03 | DEBUG    | → SYNO.FotoTeam.Browse.Folder.list  {"id": 1112, "offset": 0, "limit": 500}
2026-05-15 21:22:03 | DEBUG    | → SYNO.FotoTeam.Browse.Folder.list  {"id": 1113, "offset": 0, "limit": 500}
2026-05-15 21:22:03 | DEBUG    | → SYNO.FotoTeam.Browse.Folder.list  {"id": 1114, "offset": 0, "limit": 500}
2026-05-15 21:22:03 | DEBUG    | → SYNO.FotoTeam.Browse.Folder.list  {"id": 1115, "offset": 0, "limit": 500}
2026-05-15 21:22:03 | DEBUG    | → SYNO.FotoTeam.Browse.Folder.list  {"id": 1116, "offset": 0, "limit": 500}
2026-05-15 21:22:03 | DEBUG    | → SYNO.FotoTeam.Browse.Folder.list  {"id": 1117, "offset": 0, "limit": 500}
2026-05-15 21:22:03 | DEBUG    | → SYNO.FotoTeam.Browse.Folder.list  {"id": 1120, "offset": 0, "limit": 500}
2026-05-15 21:22:03 | DEBUG    | → SYNO.FotoTeam.Browse.Folder.list  {"id": 1121, "offset": 0, "limit": 500}
2026-05-15 21:22:03 | DEBUG    | → SYNO.FotoTeam.Browse.Folder.list  {"id": 1122, "offset": 0, "limit": 500}
2026-05-15 21:22:04 | DEBUG    | → SYNO.FotoTeam.Browse.Folder.list  {"id": 1123, "offset": 0, "limit": 500}
2026-05-15 21:22:04 | DEBUG    | → SYNO.FotoTeam.Browse.Folder.list  {"id": 1124, "offset": 0, "limit": 500}
2026-05-15 21:22:04 | DEBUG    | → SYNO.FotoTeam.Browse.Folder.list  {"id": 1125, "offset": 0, "limit": 500}
2026-05-15 21:22:04 | DEBUG    | → SYNO.FotoTeam.Browse.Folder.list  {"id": 1126, "offset": 0, "limit": 500}
2026-05-15 21:22:04 | DEBUG    | → SYNO.FotoTeam.Browse.Folder.list  {"id": 1127, "offset": 0, "limit": 500}
2026-05-15 21:22:04 | DEBUG    | → SYNO.FotoTeam.Browse.Folder.list  {"id": 1128, "offset": 0, "limit": 500}
2026-05-15 21:22:04 | DEBUG    | → SYNO.FotoTeam.Browse.Folder.list  {"id": 1129, "offset": 0, "limit": 500}
2026-05-15 21:22:04 | DEBUG    | → SYNO.FotoTeam.Browse.Folder.list  {"id": 1130, "offset": 0, "limit": 500}
2026-05-15 21:22:04 | DEBUG    | → SYNO.FotoTeam.Browse.Folder.list  {"id": 1131, "offset": 0, "limit": 500}
2026-05-15 21:22:04 | DEBUG    | → SYNO.FotoTeam.Browse.Folder.list  {"id": 1132, "offset": 0, "limit": 500}
2026-05-15 21:22:04 | DEBUG    | → SYNO.FotoTeam.Browse.Folder.list  {"id": 1133, "offset": 0, "limit": 500}
2026-05-15 21:22:05 | DEBUG    | → SYNO.FotoTeam.Browse.Folder.list  {"id": 1135, "offset": 0, "limit": 500}
2026-05-15 21:22:05 | DEBUG    | → SYNO.FotoTeam.Browse.Folder.list  {"id": 1136, "offset": 0, "limit": 500}
2026-05-15 21:22:05 | DEBUG    | → SYNO.FotoTeam.Browse.Folder.list  {"id": 1138, "offset": 0, "limit": 500}
2026-05-15 21:22:05 | DEBUG    | → SYNO.FotoTeam.Browse.Folder.list  {"id": 1139, "offset": 0, "limit": 500}
2026-05-15 21:22:05 | DEBUG    | → SYNO.FotoTeam.Browse.Folder.list  {"id": 1140, "offset": 0, "limit": 500}
2026-05-15 21:22:05 | DEBUG    | → SYNO.FotoTeam.Browse.Folder.list  {"id": 1141, "offset": 0, "limit": 500}
2026-05-15 21:22:05 | DEBUG    | → SYNO.FotoTeam.Browse.Folder.list  {"id": 1142, "offset": 0, "limit": 500}
2026-05-15 21:22:05 | DEBUG    | → SYNO.FotoTeam.Browse.Folder.list  {"id": 1144, "offset": 0, "limit": 500}
2026-05-15 21:22:05 | DEBUG    | → SYNO.FotoTeam.Browse.Folder.list  {"id": 1145, "offset": 0, "limit": 500}
2026-05-15 21:22:05 | DEBUG    | → SYNO.FotoTeam.Browse.Folder.list  {"id": 1192, "offset": 0, "limit": 500}
2026-05-15 21:22:05 | DEBUG    | → SYNO.FotoTeam.Browse.Folder.list  {"id": 1193, "offset": 0, "limit": 500}
2026-05-15 21:22:05 | DEBUG    | → SYNO.FotoTeam.Browse.Folder.list  {"id": 1194, "offset": 0, "limit": 500}
2026-05-15 21:22:05 | DEBUG    | → SYNO.FotoTeam.Browse.Folder.list  {"id": 1195, "offset": 0, "limit": 500}
2026-05-15 21:22:06 | DEBUG    | → SYNO.FotoTeam.Browse.Folder.list  {"id": 1196, "offset": 0, "limit": 500}
2026-05-15 21:22:06 | DEBUG    | → SYNO.FotoTeam.Browse.Folder.list  {"id": 1197, "offset": 0, "limit": 500}
2026-05-15 21:22:06 | DEBUG    | → SYNO.FotoTeam.Browse.Folder.list  {"id": 1198, "offset": 0, "limit": 500}
2026-05-15 21:22:06 | DEBUG    | → SYNO.FotoTeam.Browse.Folder.list  {"id": 1199, "offset": 0, "limit": 500}
2026-05-15 21:22:06 | DEBUG    | → SYNO.FotoTeam.Browse.Folder.list  {"id": 1200, "offset": 0, "limit": 500}
2026-05-15 21:22:06 | DEBUG    | → SYNO.FotoTeam.Browse.Folder.list  {"id": 1201, "offset": 0, "limit": 500}
2026-05-15 21:22:06 | DEBUG    | → SYNO.FotoTeam.Browse.Folder.list  {"id": 1202, "offset": 0, "limit": 500}
2026-05-15 21:22:06 | DEBUG    | → SYNO.FotoTeam.Browse.Folder.list  {"id": 1203, "offset": 0, "limit": 500}
2026-05-15 21:22:06 | DEBUG    | → SYNO.FotoTeam.Browse.Folder.list  {"id": 1204, "offset": 0, "limit": 500}
2026-05-15 21:22:06 | DEBUG    | → SYNO.FotoTeam.Browse.Folder.list  {"id": 1205, "offset": 0, "limit": 500}
2026-05-15 21:22:06 | DEBUG    | → SYNO.FotoTeam.Browse.Folder.list  {"id": 1207, "offset": 0, "limit": 500}
2026-05-15 21:22:06 | DEBUG    | → SYNO.FotoTeam.Browse.Folder.list  {"id": 1208, "offset": 0, "limit": 500}
2026-05-15 21:22:07 | DEBUG    | → SYNO.FotoTeam.Browse.Folder.list  {"id": 1209, "offset": 0, "limit": 500}
2026-05-15 21:22:07 | DEBUG    | → SYNO.FotoTeam.Browse.Folder.list  {"id": 1210, "offset": 0, "limit": 500}
2026-05-15 21:22:07 | DEBUG    | → SYNO.FotoTeam.Browse.Folder.list  {"id": 1211, "offset": 0, "limit": 500}
2026-05-15 21:22:07 | DEBUG    | → SYNO.FotoTeam.Browse.Folder.list  {"id": 1212, "offset": 0, "limit": 500}
2026-05-15 21:22:07 | DEBUG    | → SYNO.FotoTeam.Browse.Folder.list  {"id": 1213, "offset": 0, "limit": 500}
2026-05-15 21:22:07 | DEBUG    | → SYNO.FotoTeam.Browse.Folder.list  {"id": 1214, "offset": 0, "limit": 500}
2026-05-15 21:22:07 | DEBUG    | → SYNO.FotoTeam.Browse.Folder.list  {"id": 1227, "offset": 0, "limit": 500}
2026-05-15 21:22:07 | DEBUG    | → SYNO.FotoTeam.Browse.Folder.list  {"id": 1228, "offset": 0, "limit": 500}
2026-05-15 21:22:07 | DEBUG    | → SYNO.FotoTeam.Browse.Folder.list  {"id": 1752, "offset": 0, "limit": 500}
2026-05-15 21:22:07 | DEBUG    | → SYNO.FotoTeam.Browse.Folder.list  {"id": 1902, "offset": 0, "limit": 500}
2026-05-15 21:22:07 | DEBUG    | → SYNO.FotoTeam.Browse.Folder.list  {"id": 1906, "offset": 0, "limit": 500}
2026-05-15 21:22:07 | DEBUG    | → SYNO.FotoTeam.Browse.Folder.list  {"id": 2450, "offset": 0, "limit": 500}
2026-05-15 21:22:07 | DEBUG    | → SYNO.FotoTeam.Browse.Folder.list  {"id": 2663, "offset": 0, "limit": 500}
2026-05-15 21:22:08 | DEBUG    | → SYNO.FotoTeam.Browse.Folder.list  {"id": 2662, "offset": 0, "limit": 500}
2026-05-15 21:22:08 | DEBUG    | → SYNO.FotoTeam.Browse.Folder.list  {"id": 2851, "offset": 0, "limit": 500}
2026-05-15 21:22:08 | DEBUG    | → SYNO.FotoTeam.Browse.Folder.list  {"id": 2665, "offset": 0, "limit": 500}
2026-05-15 21:22:08 | DEBUG    | → SYNO.FotoTeam.Browse.Folder.list  {"id": 2852, "offset": 0, "limit": 500}
2026-05-15 21:22:08 | DEBUG    | → SYNO.FotoTeam.Browse.Folder.list  {"id": 2929, "offset": 0, "limit": 500}
2026-05-15 21:22:08 | DEBUG    | → SYNO.FotoTeam.Browse.Folder.list  {"id": 2974, "offset": 0, "limit": 500}
2026-05-15 21:22:08 | DEBUG    | → SYNO.FotoTeam.Browse.Folder.list  {"id": 2447, "offset": 0, "limit": 500}
2026-05-15 21:22:08 | DEBUG    | → SYNO.FotoTeam.Browse.Folder.list  {"id": 1669, "offset": 0, "limit": 500}
2026-05-15 21:22:08 | DEBUG    | → SYNO.FotoTeam.Browse.Folder.list  {"id": 1680, "offset": 0, "limit": 500}
2026-05-15 21:22:08 | DEBUG    | → SYNO.FotoTeam.Browse.Folder.list  {"id": 1252, "offset": 0, "limit": 500}
2026-05-15 21:22:08 | DEBUG    | → SYNO.FotoTeam.Browse.Folder.list  {"id": 1679, "offset": 0, "limit": 500}
2026-05-15 21:22:09 | DEBUG    | → SYNO.FotoTeam.Browse.Folder.list  {"id": 2093, "offset": 0, "limit": 500}
2026-05-15 21:22:09 | INFO     | Dossier exclu (config) : Video - Perso//Video - Perso/Iphone Candice
2026-05-15 21:22:09 | DEBUG    | → SYNO.FotoTeam.Browse.Folder.list  {"id": 1676, "offset": 0, "limit": 500}
2026-05-15 21:22:09 | DEBUG    | → SYNO.FotoTeam.Browse.Folder.list  {"id": 2918, "offset": 0, "limit": 500}
2026-05-15 21:22:09 | DEBUG    | → SYNO.FotoTeam.Browse.Folder.list  {"id": 2919, "offset": 0, "limit": 500}
2026-05-15 21:22:09 | DEBUG    | → SYNO.FotoTeam.Browse.Folder.list  {"id": 1230, "offset": 0, "limit": 500}
2026-05-15 21:22:09 | DEBUG    | → SYNO.FotoTeam.Browse.Folder.list  {"id": 1256, "offset": 0, "limit": 500}
2026-05-15 21:22:09 | DEBUG    | → SYNO.FotoTeam.Browse.Folder.list  {"id": 1254, "offset": 0, "limit": 500}
2026-05-15 21:22:09 | DEBUG    | → SYNO.FotoTeam.Browse.Folder.list  {"id": 1273, "offset": 0, "limit": 500}
2026-05-15 21:22:09 | DEBUG    | → SYNO.FotoTeam.Browse.Folder.list  {"id": 2133, "offset": 0, "limit": 500}
2026-05-15 21:22:09 | DEBUG    | → SYNO.FotoTeam.Browse.Folder.list  {"id": 1109, "offset": 0, "limit": 500}
2026-05-15 21:22:09 | DEBUG    | → SYNO.FotoTeam.Browse.Folder.list  {"id": 1108, "offset": 0, "limit": 500}
2026-05-15 21:22:09 | DEBUG    | → SYNO.FotoTeam.Browse.Folder.list  {"id": 1118, "offset": 0, "limit": 500}
2026-05-15 21:22:10 | DEBUG    | → SYNO.FotoTeam.Browse.Folder.list  {"id": 1119, "offset": 0, "limit": 500}
2026-05-15 21:22:10 | DEBUG    | → SYNO.FotoTeam.Browse.Folder.list  {"id": 1134, "offset": 0, "limit": 500}
2026-05-15 21:22:10 | DEBUG    | → SYNO.FotoTeam.Browse.Folder.list  {"id": 1137, "offset": 0, "limit": 500}
2026-05-15 21:22:10 | DEBUG    | → SYNO.FotoTeam.Browse.Folder.list  {"id": 1143, "offset": 0, "limit": 500}
2026-05-15 21:22:10 | DEBUG    | → SYNO.FotoTeam.Browse.Folder.list  {"id": 1146, "offset": 0, "limit": 500}
2026-05-15 21:22:10 | DEBUG    | → SYNO.FotoTeam.Browse.Folder.list  {"id": 1206, "offset": 0, "limit": 500}
2026-05-15 21:22:10 | DEBUG    | → SYNO.FotoTeam.Browse.Folder.list  {"id": 1215, "offset": 0, "limit": 500}
2026-05-15 21:22:10 | DEBUG    | → SYNO.FotoTeam.Browse.Folder.list  {"id": 2097, "offset": 0, "limit": 500}
2026-05-15 21:22:10 | DEBUG    | → SYNO.FotoTeam.Browse.Folder.list  {"id": 2098, "offset": 0, "limit": 500}
2026-05-15 21:22:10 | DEBUG    | → SYNO.FotoTeam.Browse.Folder.list  {"id": 2918, "offset": 0, "limit": 500}
2026-05-15 21:22:10 | DEBUG    | → SYNO.FotoTeam.Browse.Folder.list  {"id": 2919, "offset": 0, "limit": 500}
2026-05-15 21:22:11 | DEBUG    | → SYNO.FotoTeam.Browse.Folder.list  {"id": 1230, "offset": 0, "limit": 500}
2026-05-15 21:22:11 | DEBUG    | → SYNO.FotoTeam.Browse.Folder.list  {"id": 1256, "offset": 0, "limit": 500}
2026-05-15 21:22:11 | DEBUG    | → SYNO.FotoTeam.Browse.Folder.list  {"id": 1254, "offset": 0, "limit": 500}
2026-05-15 21:22:11 | DEBUG    | → SYNO.FotoTeam.Browse.Folder.list  {"id": 1273, "offset": 0, "limit": 500}
2026-05-15 21:22:11 | DEBUG    | → SYNO.FotoTeam.Browse.Folder.list  {"id": 2133, "offset": 0, "limit": 500}
2026-05-15 21:22:11 | DEBUG    | → SYNO.FotoTeam.Browse.Folder.list  {"id": 1109, "offset": 0, "limit": 500}
2026-05-15 21:22:11 | DEBUG    | → SYNO.FotoTeam.Browse.Folder.list  {"id": 1108, "offset": 0, "limit": 500}
2026-05-15 21:22:11 | DEBUG    | → SYNO.FotoTeam.Browse.Folder.list  {"id": 1118, "offset": 0, "limit": 500}
2026-05-15 21:22:11 | DEBUG    | → SYNO.FotoTeam.Browse.Folder.list  {"id": 1119, "offset": 0, "limit": 500}
2026-05-15 21:22:11 | DEBUG    | → SYNO.FotoTeam.Browse.Folder.list  {"id": 1134, "offset": 0, "limit": 500}
2026-05-15 21:22:11 | DEBUG    | → SYNO.FotoTeam.Browse.Folder.list  {"id": 1137, "offset": 0, "limit": 500}
2026-05-15 21:22:12 | DEBUG    | → SYNO.FotoTeam.Browse.Folder.list  {"id": 1143, "offset": 0, "limit": 500}
2026-05-15 21:22:12 | DEBUG    | → SYNO.FotoTeam.Browse.Folder.list  {"id": 1146, "offset": 0, "limit": 500}
2026-05-15 21:22:12 | DEBUG    | → SYNO.FotoTeam.Browse.Folder.list  {"id": 1206, "offset": 0, "limit": 500}
2026-05-15 21:22:12 | DEBUG    | → SYNO.FotoTeam.Browse.Folder.list  {"id": 1215, "offset": 0, "limit": 500}
2026-05-15 21:22:12 | DEBUG    | → SYNO.FotoTeam.Browse.Folder.list  {"id": 2097, "offset": 0, "limit": 500}
2026-05-15 21:22:12 | DEBUG    | → SYNO.FotoTeam.Browse.Folder.list  {"id": 2098, "offset": 0, "limit": 500}
2026-05-15 21:22:12 | DEBUG    | → SYNO.FotoTeam.Browse.Folder.list  {"id": 2134, "offset": 0, "limit": 500}
2026-05-15 21:22:12 | DEBUG    | → SYNO.FotoTeam.Browse.Folder.list  {"id": 1150, "offset": 0, "limit": 500}
2026-05-15 21:22:12 | DEBUG    | → SYNO.FotoTeam.Browse.Folder.list  {"id": 1151, "offset": 0, "limit": 500}
2026-05-15 21:22:13 | DEBUG    | → SYNO.FotoTeam.Browse.Folder.list  {"id": 1152, "offset": 0, "limit": 500}
2026-05-15 21:22:13 | DEBUG    | → SYNO.FotoTeam.Browse.Folder.list  {"id": 1153, "offset": 0, "limit": 500}
2026-05-15 21:22:13 | DEBUG    | → SYNO.FotoTeam.Browse.Folder.list  {"id": 1154, "offset": 0, "limit": 500}
2026-05-15 21:22:13 | DEBUG    | → SYNO.FotoTeam.Browse.Folder.list  {"id": 1155, "offset": 0, "limit": 500}
2026-05-15 21:22:13 | DEBUG    | → SYNO.FotoTeam.Browse.Folder.list  {"id": 1156, "offset": 0, "limit": 500}
2026-05-15 21:22:13 | DEBUG    | → SYNO.FotoTeam.Browse.Folder.list  {"id": 1157, "offset": 0, "limit": 500}
2026-05-15 21:22:13 | DEBUG    | → SYNO.FotoTeam.Browse.Folder.list  {"id": 1158, "offset": 0, "limit": 500}
2026-05-15 21:22:13 | DEBUG    | → SYNO.FotoTeam.Browse.Folder.list  {"id": 1159, "offset": 0, "limit": 500}
2026-05-15 21:22:13 | DEBUG    | → SYNO.FotoTeam.Browse.Folder.list  {"id": 1160, "offset": 0, "limit": 500}
2026-05-15 21:22:13 | DEBUG    | → SYNO.FotoTeam.Browse.Folder.list  {"id": 1161, "offset": 0, "limit": 500}
2026-05-15 21:22:13 | DEBUG    | → SYNO.FotoTeam.Browse.Folder.list  {"id": 1162, "offset": 0, "limit": 500}
2026-05-15 21:22:14 | DEBUG    | → SYNO.FotoTeam.Browse.Folder.list  {"id": 1163, "offset": 0, "limit": 500}
2026-05-15 21:22:14 | DEBUG    | → SYNO.FotoTeam.Browse.Folder.list  {"id": 1164, "offset": 0, "limit": 500}
2026-05-15 21:22:14 | DEBUG    | → SYNO.FotoTeam.Browse.Folder.list  {"id": 1165, "offset": 0, "limit": 500}
2026-05-15 21:22:14 | DEBUG    | → SYNO.FotoTeam.Browse.Folder.list  {"id": 1166, "offset": 0, "limit": 500}
2026-05-15 21:22:14 | DEBUG    | → SYNO.FotoTeam.Browse.Folder.list  {"id": 1167, "offset": 0, "limit": 500}
2026-05-15 21:22:14 | DEBUG    | → SYNO.FotoTeam.Browse.Folder.list  {"id": 1168, "offset": 0, "limit": 500}
2026-05-15 21:22:14 | DEBUG    | → SYNO.FotoTeam.Browse.Folder.list  {"id": 1169, "offset": 0, "limit": 500}
2026-05-15 21:22:14 | DEBUG    | → SYNO.FotoTeam.Browse.Folder.list  {"id": 1170, "offset": 0, "limit": 500}
2026-05-15 21:22:14 | DEBUG    | → SYNO.FotoTeam.Browse.Folder.list  {"id": 1173, "offset": 0, "limit": 500}
2026-05-15 21:22:14 | DEBUG    | → SYNO.FotoTeam.Browse.Folder.list  {"id": 1174, "offset": 0, "limit": 500}
2026-05-15 21:22:14 | DEBUG    | → SYNO.FotoTeam.Browse.Folder.list  {"id": 1175, "offset": 0, "limit": 500}
2026-05-15 21:22:14 | DEBUG    | → SYNO.FotoTeam.Browse.Folder.list  {"id": 1176, "offset": 0, "limit": 500}
2026-05-15 21:22:15 | DEBUG    | → SYNO.FotoTeam.Browse.Folder.list  {"id": 1177, "offset": 0, "limit": 500}
2026-05-15 21:22:15 | DEBUG    | → SYNO.FotoTeam.Browse.Folder.list  {"id": 1178, "offset": 0, "limit": 500}
2026-05-15 21:22:15 | DEBUG    | → SYNO.FotoTeam.Browse.Folder.list  {"id": 1179, "offset": 0, "limit": 500}
2026-05-15 21:22:15 | DEBUG    | → SYNO.FotoTeam.Browse.Folder.list  {"id": 1180, "offset": 0, "limit": 500}
2026-05-15 21:22:15 | DEBUG    | → SYNO.FotoTeam.Browse.Folder.list  {"id": 1181, "offset": 0, "limit": 500}
2026-05-15 21:22:15 | DEBUG    | → SYNO.FotoTeam.Browse.Folder.list  {"id": 1182, "offset": 0, "limit": 500}
2026-05-15 21:22:15 | DEBUG    | → SYNO.FotoTeam.Browse.Folder.list  {"id": 1183, "offset": 0, "limit": 500}
2026-05-15 21:22:15 | DEBUG    | → SYNO.FotoTeam.Browse.Folder.list  {"id": 1184, "offset": 0, "limit": 500}
2026-05-15 21:22:15 | DEBUG    | → SYNO.FotoTeam.Browse.Folder.list  {"id": 1185, "offset": 0, "limit": 500}
2026-05-15 21:22:15 | DEBUG    | → SYNO.FotoTeam.Browse.Folder.list  {"id": 1186, "offset": 0, "limit": 500}
2026-05-15 21:22:15 | DEBUG    | → SYNO.FotoTeam.Browse.Folder.list  {"id": 1187, "offset": 0, "limit": 500}
2026-05-15 21:22:15 | DEBUG    | → SYNO.FotoTeam.Browse.Folder.list  {"id": 1188, "offset": 0, "limit": 500}
2026-05-15 21:22:16 | DEBUG    | → SYNO.FotoTeam.Browse.Folder.list  {"id": 1189, "offset": 0, "limit": 500}
2026-05-15 21:22:16 | DEBUG    | → SYNO.FotoTeam.Browse.Folder.list  {"id": 1190, "offset": 0, "limit": 500}
2026-05-15 21:22:16 | DEBUG    | → SYNO.FotoTeam.Browse.Folder.list  {"id": 1191, "offset": 0, "limit": 500}
2026-05-15 21:22:16 | DEBUG    | → SYNO.FotoTeam.Browse.Folder.list  {"id": 1148, "offset": 0, "limit": 500}
2026-05-15 21:22:16 | DEBUG    | → SYNO.FotoTeam.Browse.Folder.list  {"id": 1149, "offset": 0, "limit": 500}
2026-05-15 21:22:16 | DEBUG    | → SYNO.FotoTeam.Browse.Folder.list  {"id": 1147, "offset": 0, "limit": 500}
2026-05-15 21:22:16 | DEBUG    | → SYNO.FotoTeam.Browse.Folder.list  {"id": 1216, "offset": 0, "limit": 500}
2026-05-15 21:22:16 | DEBUG    | → SYNO.FotoTeam.Browse.Folder.list  {"id": 1217, "offset": 0, "limit": 500}
2026-05-15 21:22:16 | DEBUG    | → SYNO.FotoTeam.Browse.Folder.list  {"id": 1218, "offset": 0, "limit": 500}
2026-05-15 21:22:16 | DEBUG    | → SYNO.FotoTeam.Browse.Folder.list  {"id": 1222, "offset": 0, "limit": 500}
2026-05-15 21:22:16 | DEBUG    | → SYNO.FotoTeam.Browse.Folder.list  {"id": 1223, "offset": 0, "limit": 500}
2026-05-15 21:22:16 | DEBUG    | → SYNO.FotoTeam.Browse.Folder.list  {"id": 1224, "offset": 0, "limit": 500}
2026-05-15 21:22:16 | DEBUG    | → SYNO.FotoTeam.Browse.Folder.list  {"id": 1225, "offset": 0, "limit": 500}
2026-05-15 21:22:17 | DEBUG    | → SYNO.FotoTeam.Browse.Folder.list  {"id": 1226, "offset": 0, "limit": 500}
2026-05-15 21:22:17 | DEBUG    | → SYNO.FotoTeam.Browse.Folder.list  {"id": 2134, "offset": 0, "limit": 500}
2026-05-15 21:22:17 | DEBUG    | → SYNO.FotoTeam.Browse.Folder.list  {"id": 1150, "offset": 0, "limit": 500}
2026-05-15 21:22:17 | DEBUG    | → SYNO.FotoTeam.Browse.Folder.list  {"id": 1151, "offset": 0, "limit": 500}
2026-05-15 21:22:17 | DEBUG    | → SYNO.FotoTeam.Browse.Folder.list  {"id": 1152, "offset": 0, "limit": 500}
2026-05-15 21:22:17 | DEBUG    | → SYNO.FotoTeam.Browse.Folder.list  {"id": 1153, "offset": 0, "limit": 500}
2026-05-15 21:22:17 | DEBUG    | → SYNO.FotoTeam.Browse.Folder.list  {"id": 1154, "offset": 0, "limit": 500}
2026-05-15 21:22:17 | DEBUG    | → SYNO.FotoTeam.Browse.Folder.list  {"id": 1155, "offset": 0, "limit": 500}
2026-05-15 21:22:17 | DEBUG    | → SYNO.FotoTeam.Browse.Folder.list  {"id": 1156, "offset": 0, "limit": 500}
2026-05-15 21:22:17 | DEBUG    | → SYNO.FotoTeam.Browse.Folder.list  {"id": 1157, "offset": 0, "limit": 500}
2026-05-15 21:22:17 | DEBUG    | → SYNO.FotoTeam.Browse.Folder.list  {"id": 1158, "offset": 0, "limit": 500}
2026-05-15 21:22:17 | DEBUG    | → SYNO.FotoTeam.Browse.Folder.list  {"id": 1159, "offset": 0, "limit": 500}
2026-05-15 21:22:17 | DEBUG    | → SYNO.FotoTeam.Browse.Folder.list  {"id": 1160, "offset": 0, "limit": 500}
2026-05-15 21:22:18 | DEBUG    | → SYNO.FotoTeam.Browse.Folder.list  {"id": 1161, "offset": 0, "limit": 500}
2026-05-15 21:22:18 | DEBUG    | → SYNO.FotoTeam.Browse.Folder.list  {"id": 1162, "offset": 0, "limit": 500}
2026-05-15 21:22:18 | DEBUG    | → SYNO.FotoTeam.Browse.Folder.list  {"id": 1163, "offset": 0, "limit": 500}
2026-05-15 21:22:18 | DEBUG    | → SYNO.FotoTeam.Browse.Folder.list  {"id": 1164, "offset": 0, "limit": 500}
2026-05-15 21:22:18 | DEBUG    | → SYNO.FotoTeam.Browse.Folder.list  {"id": 1165, "offset": 0, "limit": 500}
2026-05-15 21:22:18 | DEBUG    | → SYNO.FotoTeam.Browse.Folder.list  {"id": 1166, "offset": 0, "limit": 500}
2026-05-15 21:22:18 | DEBUG    | → SYNO.FotoTeam.Browse.Folder.list  {"id": 1167, "offset": 0, "limit": 500}
2026-05-15 21:22:18 | DEBUG    | → SYNO.FotoTeam.Browse.Folder.list  {"id": 1168, "offset": 0, "limit": 500}
2026-05-15 21:22:18 | DEBUG    | → SYNO.FotoTeam.Browse.Folder.list  {"id": 1169, "offset": 0, "limit": 500}
2026-05-15 21:22:18 | DEBUG    | → SYNO.FotoTeam.Browse.Folder.list  {"id": 1170, "offset": 0, "limit": 500}
2026-05-15 21:22:18 | DEBUG    | → SYNO.FotoTeam.Browse.Folder.list  {"id": 1173, "offset": 0, "limit": 500}
2026-05-15 21:22:18 | DEBUG    | → SYNO.FotoTeam.Browse.Folder.list  {"id": 1174, "offset": 0, "limit": 500}
2026-05-15 21:22:19 | DEBUG    | → SYNO.FotoTeam.Browse.Folder.list  {"id": 1175, "offset": 0, "limit": 500}
2026-05-15 21:22:19 | DEBUG    | → SYNO.FotoTeam.Browse.Folder.list  {"id": 1176, "offset": 0, "limit": 500}
2026-05-15 21:22:19 | DEBUG    | → SYNO.FotoTeam.Browse.Folder.list  {"id": 1177, "offset": 0, "limit": 500}
2026-05-15 21:22:19 | DEBUG    | → SYNO.FotoTeam.Browse.Folder.list  {"id": 1178, "offset": 0, "limit": 500}
2026-05-15 21:22:19 | DEBUG    | → SYNO.FotoTeam.Browse.Folder.list  {"id": 1179, "offset": 0, "limit": 500}
2026-05-15 21:22:19 | DEBUG    | → SYNO.FotoTeam.Browse.Folder.list  {"id": 1180, "offset": 0, "limit": 500}
2026-05-15 21:22:19 | DEBUG    | → SYNO.FotoTeam.Browse.Folder.list  {"id": 1181, "offset": 0, "limit": 500}
2026-05-15 21:22:19 | DEBUG    | → SYNO.FotoTeam.Browse.Folder.list  {"id": 1182, "offset": 0, "limit": 500}
2026-05-15 21:22:19 | DEBUG    | → SYNO.FotoTeam.Browse.Folder.list  {"id": 1183, "offset": 0, "limit": 500}
2026-05-15 21:22:19 | DEBUG    | → SYNO.FotoTeam.Browse.Folder.list  {"id": 1184, "offset": 0, "limit": 500}
2026-05-15 21:22:19 | DEBUG    | → SYNO.FotoTeam.Browse.Folder.list  {"id": 1185, "offset": 0, "limit": 500}
2026-05-15 21:22:19 | DEBUG    | → SYNO.FotoTeam.Browse.Folder.list  {"id": 1186, "offset": 0, "limit": 500}
2026-05-15 21:22:20 | DEBUG    | → SYNO.FotoTeam.Browse.Folder.list  {"id": 1187, "offset": 0, "limit": 500}
2026-05-15 21:22:20 | DEBUG    | → SYNO.FotoTeam.Browse.Folder.list  {"id": 1188, "offset": 0, "limit": 500}
2026-05-15 21:22:20 | DEBUG    | → SYNO.FotoTeam.Browse.Folder.list  {"id": 1189, "offset": 0, "limit": 500}
2026-05-15 21:22:20 | DEBUG    | → SYNO.FotoTeam.Browse.Folder.list  {"id": 1190, "offset": 0, "limit": 500}
2026-05-15 21:22:20 | DEBUG    | → SYNO.FotoTeam.Browse.Folder.list  {"id": 1191, "offset": 0, "limit": 500}
2026-05-15 21:22:20 | DEBUG    | → SYNO.FotoTeam.Browse.Folder.list  {"id": 1148, "offset": 0, "limit": 500}
2026-05-15 21:22:20 | DEBUG    | → SYNO.FotoTeam.Browse.Folder.list  {"id": 1149, "offset": 0, "limit": 500}
2026-05-15 21:22:20 | DEBUG    | → SYNO.FotoTeam.Browse.Folder.list  {"id": 1147, "offset": 0, "limit": 500}
2026-05-15 21:22:20 | DEBUG    | → SYNO.FotoTeam.Browse.Folder.list  {"id": 1216, "offset": 0, "limit": 500}
2026-05-15 21:22:20 | DEBUG    | → SYNO.FotoTeam.Browse.Folder.list  {"id": 1217, "offset": 0, "limit": 500}
2026-05-15 21:22:21 | DEBUG    | → SYNO.FotoTeam.Browse.Folder.list  {"id": 1218, "offset": 0, "limit": 500}
2026-05-15 21:22:21 | DEBUG    | → SYNO.FotoTeam.Browse.Folder.list  {"id": 1222, "offset": 0, "limit": 500}
2026-05-15 21:22:21 | DEBUG    | → SYNO.FotoTeam.Browse.Folder.list  {"id": 1223, "offset": 0, "limit": 500}
2026-05-15 21:22:21 | DEBUG    | → SYNO.FotoTeam.Browse.Folder.list  {"id": 1224, "offset": 0, "limit": 500}
2026-05-15 21:22:21 | DEBUG    | → SYNO.FotoTeam.Browse.Folder.list  {"id": 1225, "offset": 0, "limit": 500}
2026-05-15 21:22:21 | DEBUG    | → SYNO.FotoTeam.Browse.Folder.list  {"id": 1226, "offset": 0, "limit": 500}
2026-05-15 21:22:21 | DEBUG    | → SYNO.FotoTeam.Browse.Folder.list  {"id": 1171, "offset": 0, "limit": 500}
2026-05-15 21:22:21 | DEBUG    | → SYNO.FotoTeam.Browse.Folder.list  {"id": 1172, "offset": 0, "limit": 500}
2026-05-15 21:22:21 | DEBUG    | → SYNO.FotoTeam.Browse.Folder.list  {"id": 1219, "offset": 0, "limit": 500}
2026-05-15 21:22:21 | DEBUG    | → SYNO.FotoTeam.Browse.Folder.list  {"id": 1220, "offset": 0, "limit": 500}
2026-05-15 21:22:21 | DEBUG    | → SYNO.FotoTeam.Browse.Folder.list  {"id": 1221, "offset": 0, "limit": 500}
2026-05-15 21:22:21 | DEBUG    | → SYNO.FotoTeam.Browse.Folder.list  {"id": 1171, "offset": 0, "limit": 500}
2026-05-15 21:22:22 | DEBUG    | → SYNO.FotoTeam.Browse.Folder.list  {"id": 1172, "offset": 0, "limit": 500}
2026-05-15 21:22:22 | DEBUG    | → SYNO.FotoTeam.Browse.Folder.list  {"id": 1219, "offset": 0, "limit": 500}
2026-05-15 21:22:22 | DEBUG    | → SYNO.FotoTeam.Browse.Folder.list  {"id": 1220, "offset": 0, "limit": 500}
2026-05-15 21:22:22 | DEBUG    | → SYNO.FotoTeam.Browse.Folder.list  {"id": 1221, "offset": 0, "limit": 500}
2026-05-15 21:22:22 | INFO     | 169 dossier(s) trouvé(s)
2026-05-15 21:22:22 | DEBUG    | → SYNO.FotoTeam.Browse.Item.list  {"offset": 0, "limit": 500, "additional": "[\"thumbnail\"]", "folder_id": 1}
2026-05-15 21:22:22 | DEBUG    | → SYNO.FotoTeam.Browse.Item.list  {"offset": 0, "limit": 500, "additional": "[\"thumbnail\"]", "folder_id": 2917}
2026-05-15 21:22:22 | DEBUG    | → SYNO.FotoTeam.Browse.Item.list  {"offset": 0, "limit": 500, "additional": "[\"thumbnail\"]", "folder_id": 1096}
2026-05-15 21:22:22 | DEBUG    | → SYNO.FotoTeam.Browse.Item.list  {"offset": 0, "limit": 500, "additional": "[\"thumbnail\"]", "folder_id": 1229}
2026-05-15 21:22:23 | INFO     |   200900 - Amsterdam                              188 photo(s)  [cumul : 188]
2026-05-15 21:22:23 | DEBUG    | → SYNO.FotoTeam.Browse.Item.list  {"offset": 0, "limit": 500, "additional": "[\"thumbnail\"]", "folder_id": 1255}
2026-05-15 21:22:23 | INFO     |   200902 - Inde photo d'Alexandrine               421 photo(s)  [cumul : 609]
2026-05-15 21:22:23 | DEBUG    | → SYNO.FotoTeam.Browse.Item.list  {"offset": 0, "limit": 500, "additional": "[\"thumbnail\"]", "folder_id": 1253}
2026-05-15 21:22:24 | INFO     |   200902 - Inde Yves                              468 photo(s)  [cumul : 1077]
2026-05-15 21:22:24 | DEBUG    | → SYNO.FotoTeam.Browse.Item.list  {"offset": 0, "limit": 500, "additional": "[\"thumbnail\"]", "folder_id": 1247}
2026-05-15 21:22:24 | INFO     |   200907 - Camille à Paris                        115 photo(s)  [cumul : 1192]
2026-05-15 21:22:24 | DEBUG    | → SYNO.FotoTeam.Browse.Item.list  {"offset": 0, "limit": 500, "additional": "[\"thumbnail\"]", "folder_id": 1272}
2026-05-15 21:22:25 | INFO     |   200909 - Marbella                               193 photo(s)  [cumul : 1385]
2026-05-15 21:22:25 | DEBUG    | → SYNO.FotoTeam.Browse.Item.list  {"offset": 0, "limit": 500, "additional": "[\"thumbnail\"]", "folder_id": 1095}
2026-05-15 21:22:25 | INFO     |   200910 - Yves et Candice                         60 photo(s)  [cumul : 1445]
2026-05-15 21:22:25 | DEBUG    | → SYNO.FotoTeam.Browse.Item.list  {"offset": 0, "limit": 500, "additional": "[\"thumbnail\"]", "folder_id": 1097}
2026-05-15 21:22:25 | INFO     |   201010 - Thailande 2010                           6 photo(s)  [cumul : 1451]
2026-05-15 21:22:25 | DEBUG    | → SYNO.FotoTeam.Browse.Item.list  {"offset": 0, "limit": 500, "additional": "[\"thumbnail\"]", "folder_id": 1098}
2026-05-15 21:22:25 | INFO     |   201105 - Rome 2011                                9 photo(s)  [cumul : 1460]
2026-05-15 21:22:25 | DEBUG    | → SYNO.FotoTeam.Browse.Item.list  {"offset": 0, "limit": 500, "additional": "[\"thumbnail\"]", "folder_id": 1099}
2026-05-15 21:22:25 | INFO     |   201107 - Candice 2011                             6 photo(s)  [cumul : 1466]
2026-05-15 21:22:25 | DEBUG    | → SYNO.FotoTeam.Browse.Item.list  {"offset": 0, "limit": 500, "additional": "[\"thumbnail\"]", "folder_id": 1100}
2026-05-15 21:22:25 | INFO     |   201108 - Aout 2011 - Normandie & Barcelone       11 photo(s)  [cumul : 1477]
2026-05-15 21:22:25 | DEBUG    | → SYNO.FotoTeam.Browse.Item.list  {"offset": 0, "limit": 500, "additional": "[\"thumbnail\"]", "folder_id": 1101}
2026-05-15 21:22:25 | INFO     |   201204 - Lou-Anne 1 Mois                         16 photo(s)  [cumul : 1493]
2026-05-15 21:22:25 | DEBUG    | → SYNO.FotoTeam.Browse.Item.list  {"offset": 0, "limit": 500, "additional": "[\"thumbnail\"]", "folder_id": 1102}
2026-05-15 21:22:26 | INFO     |   201205 - Lou-Anne 2 mois                         15 photo(s)  [cumul : 1508]
2026-05-15 21:22:26 | DEBUG    | → SYNO.FotoTeam.Browse.Item.list  {"offset": 0, "limit": 500, "additional": "[\"thumbnail\"]", "folder_id": 1103}
2026-05-15 21:22:26 | INFO     |   201206 - Lou-Anne 3 mois                         21 photo(s)  [cumul : 1529]
2026-05-15 21:22:26 | DEBUG    | → SYNO.FotoTeam.Browse.Item.list  {"offset": 0, "limit": 500, "additional": "[\"thumbnail\"]", "folder_id": 1104}
2026-05-15 21:22:26 | INFO     |   201212 - iphone candice dec 12                   59 photo(s)  [cumul : 1588]
2026-05-15 21:22:26 | DEBUG    | → SYNO.FotoTeam.Browse.Item.list  {"offset": 0, "limit": 500, "additional": "[\"thumbnail\"]", "folder_id": 1105}
2026-05-15 21:22:26 | INFO     |   201304 - Lou Anne Avril 2013                     35 photo(s)  [cumul : 1623]
2026-05-15 21:22:26 | DEBUG    | → SYNO.FotoTeam.Browse.Item.list  {"offset": 0, "limit": 500, "additional": "[\"thumbnail\"]", "folder_id": 1106}
2026-05-15 21:22:26 | INFO     |   201304 - Lou Avril                                2 photo(s)  [cumul : 1625]
2026-05-15 21:22:26 | DEBUG    | → SYNO.FotoTeam.Browse.Item.list  {"offset": 0, "limit": 500, "additional": "[\"thumbnail\"]", "folder_id": 1107}
2026-05-15 21:22:26 | INFO     |   201305 - Lou-Anne  Mai 2013                       8 photo(s)  [cumul : 1633]
2026-05-15 21:22:26 | DEBUG    | → SYNO.FotoTeam.Browse.Item.list  {"offset": 0, "limit": 500, "additional": "[\"thumbnail\"]", "folder_id": 1110}
2026-05-15 21:22:26 | INFO     |   201307 - Juillet 2013                             3 photo(s)  [cumul : 1636]
2026-05-15 21:22:26 | DEBUG    | → SYNO.FotoTeam.Browse.Item.list  {"offset": 0, "limit": 500, "additional": "[\"thumbnail\"]", "folder_id": 1111}
2026-05-15 21:22:27 | INFO     |   201307 - Lou-Anne 7 juillet 2013                  7 photo(s)  [cumul : 1643]
2026-05-15 21:22:27 | DEBUG    | → SYNO.FotoTeam.Browse.Item.list  {"offset": 0, "limit": 500, "additional": "[\"thumbnail\"]", "folder_id": 1112}
2026-05-15 21:22:27 | INFO     |   201307 - Lou-Anne Juin 2013 - 2                  26 photo(s)  [cumul : 1669]
2026-05-15 21:22:27 | DEBUG    | → SYNO.FotoTeam.Browse.Item.list  {"offset": 0, "limit": 500, "additional": "[\"thumbnail\"]", "folder_id": 1113}
2026-05-15 21:22:27 | INFO     |   201308 - Aout 2013                                6 photo(s)  [cumul : 1675]
2026-05-15 21:22:27 | DEBUG    | → SYNO.FotoTeam.Browse.Item.list  {"offset": 0, "limit": 500, "additional": "[\"thumbnail\"]", "folder_id": 1114}
2026-05-15 21:22:27 | INFO     |   201402 - Dans les bois Fev 2014                  10 photo(s)  [cumul : 1685]
2026-05-15 21:22:27 | DEBUG    | → SYNO.FotoTeam.Browse.Item.list  {"offset": 0, "limit": 500, "additional": "[\"thumbnail\"]", "folder_id": 1115}
2026-05-15 21:22:27 | INFO     |   201403 - Mars 2014                               28 photo(s)  [cumul : 1713]
2026-05-15 21:22:27 | DEBUG    | → SYNO.FotoTeam.Browse.Item.list  {"offset": 0, "limit": 500, "additional": "[\"thumbnail\"]", "folder_id": 1116}
2026-05-15 21:22:27 | INFO     |   201404 - Paques 2014                             55 photo(s)  [cumul : 1768]
2026-05-15 21:22:27 | DEBUG    | → SYNO.FotoTeam.Browse.Item.list  {"offset": 0, "limit": 500, "additional": "[\"thumbnail\"]", "folder_id": 1117}
2026-05-15 21:22:27 | INFO     |   201408 - Etel 2014                               37 photo(s)  [cumul : 1805]
2026-05-15 21:22:27 | DEBUG    | → SYNO.FotoTeam.Browse.Item.list  {"offset": 0, "limit": 500, "additional": "[\"thumbnail\"]", "folder_id": 1120}
2026-05-15 21:22:28 | INFO     |   201410 - Octobre 2014                             2 photo(s)  [cumul : 1807]
2026-05-15 21:22:28 | DEBUG    | → SYNO.FotoTeam.Browse.Item.list  {"offset": 0, "limit": 500, "additional": "[\"thumbnail\"]", "folder_id": 1121}
2026-05-15 21:22:28 | INFO     |   201502 - Hiver 2014-2015                         27 photo(s)  [cumul : 1834]
2026-05-15 21:22:28 | DEBUG    | → SYNO.FotoTeam.Browse.Item.list  {"offset": 0, "limit": 500, "additional": "[\"thumbnail\"]", "folder_id": 1122}
2026-05-15 21:22:28 | INFO     |   201507 - Mariage Yves et Candice                 72 photo(s)  [cumul : 1906]
2026-05-15 21:22:28 | DEBUG    | → SYNO.FotoTeam.Browse.Item.list  {"offset": 0, "limit": 500, "additional": "[\"thumbnail\"]", "folder_id": 1123}
2026-05-15 21:22:28 | INFO     |   201511 - Erwan                                   32 photo(s)  [cumul : 1938]
2026-05-15 21:22:28 | DEBUG    | → SYNO.FotoTeam.Browse.Item.list  {"offset": 0, "limit": 500, "additional": "[\"thumbnail\"]", "folder_id": 1124}
2026-05-15 21:22:28 | INFO     |   201601                                           51 photo(s)  [cumul : 1989]
2026-05-15 21:22:28 | DEBUG    | → SYNO.FotoTeam.Browse.Item.list  {"offset": 0, "limit": 500, "additional": "[\"thumbnail\"]", "folder_id": 1125}
2026-05-15 21:22:28 | INFO     |   201602                                           18 photo(s)  [cumul : 2007]
2026-05-15 21:22:28 | DEBUG    | → SYNO.FotoTeam.Browse.Item.list  {"offset": 0, "limit": 500, "additional": "[\"thumbnail\"]", "folder_id": 1126}
2026-05-15 21:22:29 | INFO     |   201603                                           60 photo(s)  [cumul : 2067]
2026-05-15 21:22:29 | DEBUG    | → SYNO.FotoTeam.Browse.Item.list  {"offset": 0, "limit": 500, "additional": "[\"thumbnail\"]", "folder_id": 1127}
2026-05-15 21:22:29 | INFO     |   201604                                            6 photo(s)  [cumul : 2073]
2026-05-15 21:22:29 | DEBUG    | → SYNO.FotoTeam.Browse.Item.list  {"offset": 0, "limit": 500, "additional": "[\"thumbnail\"]", "folder_id": 1128}
2026-05-15 21:22:29 | INFO     |   201605                                           20 photo(s)  [cumul : 2093]
2026-05-15 21:22:29 | DEBUG    | → SYNO.FotoTeam.Browse.Item.list  {"offset": 0, "limit": 500, "additional": "[\"thumbnail\"]", "folder_id": 1129}
2026-05-15 21:22:29 | INFO     |   201607 - Cap Ferret                              43 photo(s)  [cumul : 2136]
2026-05-15 21:22:29 | DEBUG    | → SYNO.FotoTeam.Browse.Item.list  {"offset": 0, "limit": 500, "additional": "[\"thumbnail\"]", "folder_id": 1130}
2026-05-15 21:22:29 | INFO     |   201608                                           36 photo(s)  [cumul : 2172]
2026-05-15 21:22:29 | DEBUG    | → SYNO.FotoTeam.Browse.Item.list  {"offset": 0, "limit": 500, "additional": "[\"thumbnail\"]", "folder_id": 1131}
2026-05-15 21:22:29 | INFO     |   201611 - Iphone Candice                          52 photo(s)  [cumul : 2224]
2026-05-15 21:22:29 | DEBUG    | → SYNO.FotoTeam.Browse.Item.list  {"offset": 0, "limit": 500, "additional": "[\"thumbnail\"]", "folder_id": 1132}
2026-05-15 21:22:30 | INFO     |   201701 - Iphone Candice                         333 photo(s)  [cumul : 2557]
2026-05-15 21:22:30 | DEBUG    | → SYNO.FotoTeam.Browse.Item.list  {"offset": 0, "limit": 500, "additional": "[\"thumbnail\"]", "folder_id": 1133}
2026-05-15 21:22:31 | INFO     |   201802                                          202 photo(s)  [cumul : 2759]
2026-05-15 21:22:31 | DEBUG    | → SYNO.FotoTeam.Browse.Item.list  {"offset": 0, "limit": 500, "additional": "[\"thumbnail\"]", "folder_id": 1135}
2026-05-15 21:22:31 | INFO     |   201805                                           96 photo(s)  [cumul : 2855]
2026-05-15 21:22:31 | DEBUG    | → SYNO.FotoTeam.Browse.Item.list  {"offset": 0, "limit": 500, "additional": "[\"thumbnail\"]", "folder_id": 1136}
2026-05-15 21:22:31 | INFO     |   201808                                          294 photo(s)  [cumul : 3149]
2026-05-15 21:22:31 | DEBUG    | → SYNO.FotoTeam.Browse.Item.list  {"offset": 0, "limit": 500, "additional": "[\"thumbnail\"]", "folder_id": 1138}
2026-05-15 21:22:31 | INFO     |   201809                                           91 photo(s)  [cumul : 3240]
2026-05-15 21:22:31 | DEBUG    | → SYNO.FotoTeam.Browse.Item.list  {"offset": 0, "limit": 500, "additional": "[\"thumbnail\"]", "folder_id": 1139}
2026-05-15 21:22:32 | INFO     |   201810                                          240 photo(s)  [cumul : 3480]
2026-05-15 21:22:32 | DEBUG    | → SYNO.FotoTeam.Browse.Item.list  {"offset": 0, "limit": 500, "additional": "[\"thumbnail\"]", "folder_id": 1140}
2026-05-15 21:22:32 | INFO     |   201811                                          158 photo(s)  [cumul : 3638]
2026-05-15 21:22:32 | DEBUG    | → SYNO.FotoTeam.Browse.Item.list  {"offset": 0, "limit": 500, "additional": "[\"thumbnail\"]", "folder_id": 1141}
2026-05-15 21:22:32 | INFO     |   201811-Max                                       11 photo(s)  [cumul : 3649]
2026-05-15 21:22:32 | DEBUG    | → SYNO.FotoTeam.Browse.Item.list  {"offset": 0, "limit": 500, "additional": "[\"thumbnail\"]", "folder_id": 1142}
2026-05-15 21:22:33 | INFO     |   201812 - Noel                                   440 photo(s)  [cumul : 4089]
2026-05-15 21:22:33 | DEBUG    | → SYNO.FotoTeam.Browse.Item.list  {"offset": 0, "limit": 500, "additional": "[\"thumbnail\"]", "folder_id": 1144}
2026-05-15 21:22:33 | INFO     |   201812-2                                        122 photo(s)  [cumul : 4211]
2026-05-15 21:22:33 | DEBUG    | → SYNO.FotoTeam.Browse.Item.list  {"offset": 0, "limit": 500, "additional": "[\"thumbnail\"]", "folder_id": 1145}
2026-05-15 21:22:33 | INFO     |   201812-3                                        390 photo(s)  [cumul : 4601]
2026-05-15 21:22:33 | DEBUG    | → SYNO.FotoTeam.Browse.Item.list  {"offset": 0, "limit": 500, "additional": "[\"thumbnail\"]", "folder_id": 1192}
2026-05-15 21:22:34 | INFO     |   201812-Photos de Lou-Anne                       166 photo(s)  [cumul : 4767]
2026-05-15 21:22:34 | DEBUG    | → SYNO.FotoTeam.Browse.Item.list  {"offset": 0, "limit": 500, "additional": "[\"thumbnail\"]", "folder_id": 1193}
2026-05-15 21:22:34 | INFO     |   201902                                          153 photo(s)  [cumul : 4920]
2026-05-15 21:22:34 | DEBUG    | → SYNO.FotoTeam.Browse.Item.list  {"offset": 0, "limit": 500, "additional": "[\"thumbnail\"]", "folder_id": 1194}
2026-05-15 21:22:34 | INFO     |   201904                                          366 photo(s)  [cumul : 5286]
2026-05-15 21:22:34 | DEBUG    | → SYNO.FotoTeam.Browse.Item.list  {"offset": 0, "limit": 500, "additional": "[\"thumbnail\"]", "folder_id": 1195}
2026-05-15 21:22:35 | INFO     |   201904-2                                        131 photo(s)  [cumul : 5417]
2026-05-15 21:22:35 | DEBUG    | → SYNO.FotoTeam.Browse.Item.list  {"offset": 0, "limit": 500, "additional": "[\"thumbnail\"]", "folder_id": 1196}
2026-05-15 21:22:35 | INFO     |   201905 - Etel                                   249 photo(s)  [cumul : 5666]
2026-05-15 21:22:35 | DEBUG    | → SYNO.FotoTeam.Browse.Item.list  {"offset": 0, "limit": 500, "additional": "[\"thumbnail\"]", "folder_id": 1197}
2026-05-15 21:22:35 | INFO     |   201911                                          134 photo(s)  [cumul : 5800]
2026-05-15 21:22:35 | DEBUG    | → SYNO.FotoTeam.Browse.Item.list  {"offset": 0, "limit": 500, "additional": "[\"thumbnail\"]", "folder_id": 1198}
2026-05-15 21:22:35 | INFO     |   202006                                          303 photo(s)  [cumul : 6103]
2026-05-15 21:22:35 | DEBUG    | → SYNO.FotoTeam.Browse.Item.list  {"offset": 0, "limit": 500, "additional": "[\"thumbnail\"]", "folder_id": 1199}
2026-05-15 21:22:36 | INFO     |   202007 Bridge                                   453 photo(s)  [cumul : 6556]
2026-05-15 21:22:36 | DEBUG    | → SYNO.FotoTeam.Browse.Item.list  {"offset": 0, "limit": 500, "additional": "[\"thumbnail\"]", "folder_id": 1200}
2026-05-15 21:22:37 | INFO     |   202008 Rflexx                                   288 photo(s)  [cumul : 6844]
2026-05-15 21:22:37 | DEBUG    | → SYNO.FotoTeam.Browse.Item.list  {"offset": 0, "limit": 500, "additional": "[\"thumbnail\"]", "folder_id": 1201}
2026-05-15 21:22:37 | INFO     |   202012 - Flashmob Erwan                           5 photo(s)  [cumul : 6849]
2026-05-15 21:22:37 | DEBUG    | → SYNO.FotoTeam.Browse.Item.list  {"offset": 0, "limit": 500, "additional": "[\"thumbnail\"]", "folder_id": 1202}
2026-05-15 21:22:37 | INFO     |   202101                                          228 photo(s)  [cumul : 7077]
2026-05-15 21:22:37 | DEBUG    | → SYNO.FotoTeam.Browse.Item.list  {"offset": 0, "limit": 500, "additional": "[\"thumbnail\"]", "folder_id": 1203}
2026-05-15 21:22:37 | INFO     |   202102 - Photo Appart                            83 photo(s)  [cumul : 7160]
2026-05-15 21:22:37 | DEBUG    | → SYNO.FotoTeam.Browse.Item.list  {"offset": 0, "limit": 500, "additional": "[\"thumbnail\"]", "folder_id": 1204}
2026-05-15 21:22:37 | INFO     |   202104                                          128 photo(s)  [cumul : 7288]
2026-05-15 21:22:37 | DEBUG    | → SYNO.FotoTeam.Browse.Item.list  {"offset": 0, "limit": 500, "additional": "[\"thumbnail\"]", "folder_id": 1205}
2026-05-15 21:22:38 | INFO     |   202106 - Maison Aumenancourt                    417 photo(s)  [cumul : 7705]
2026-05-15 21:22:38 | DEBUG    | → SYNO.FotoTeam.Browse.Item.list  {"offset": 0, "limit": 500, "additional": "[\"thumbnail\"]", "folder_id": 1207}
2026-05-15 21:22:38 | DEBUG    | → SYNO.FotoTeam.Browse.Item.list  {"offset": 500, "limit": 500, "additional": "[\"thumbnail\"]", "folder_id": 1207}
2026-05-15 21:22:39 | INFO     |   202108                                          703 photo(s)  [cumul : 8408]
2026-05-15 21:22:39 | DEBUG    | → SYNO.FotoTeam.Browse.Item.list  {"offset": 0, "limit": 500, "additional": "[\"thumbnail\"]", "folder_id": 1208}
2026-05-15 21:22:39 | INFO     |   202111                                           32 photo(s)  [cumul : 8440]
2026-05-15 21:22:39 | DEBUG    | → SYNO.FotoTeam.Browse.Item.list  {"offset": 0, "limit": 500, "additional": "[\"thumbnail\"]", "folder_id": 1209}
2026-05-15 21:22:39 | INFO     |   202204                                          263 photo(s)  [cumul : 8703]
2026-05-15 21:22:39 | DEBUG    | → SYNO.FotoTeam.Browse.Item.list  {"offset": 0, "limit": 500, "additional": "[\"thumbnail\"]", "folder_id": 1210}
2026-05-15 21:22:39 | INFO     |   202204 - Photo d'erwan                          242 photo(s)  [cumul : 8945]
2026-05-15 21:22:39 | DEBUG    | → SYNO.FotoTeam.Browse.Item.list  {"offset": 0, "limit": 500, "additional": "[\"thumbnail\"]", "folder_id": 1211}
2026-05-15 21:22:39 | INFO     |   202205                                          125 photo(s)  [cumul : 9070]
2026-05-15 21:22:39 | DEBUG    | → SYNO.FotoTeam.Browse.Item.list  {"offset": 0, "limit": 500, "additional": "[\"thumbnail\"]", "folder_id": 1212}
2026-05-15 21:22:40 | INFO     |   202206                                          109 photo(s)  [cumul : 9179]
2026-05-15 21:22:40 | DEBUG    | → SYNO.FotoTeam.Browse.Item.list  {"offset": 0, "limit": 500, "additional": "[\"thumbnail\"]", "folder_id": 1213}
2026-05-15 21:22:40 | INFO     |   202208                                           80 photo(s)  [cumul : 9259]
2026-05-15 21:22:40 | DEBUG    | → SYNO.FotoTeam.Browse.Item.list  {"offset": 0, "limit": 500, "additional": "[\"thumbnail\"]", "folder_id": 1214}
2026-05-15 21:22:40 | DEBUG    | → SYNO.FotoTeam.Browse.Item.list  {"offset": 0, "limit": 500, "additional": "[\"thumbnail\"]", "folder_id": 1227}
2026-05-15 21:22:40 | INFO     |   202308                                          207 photo(s)  [cumul : 9466]
2026-05-15 21:22:40 | DEBUG    | → SYNO.FotoTeam.Browse.Item.list  {"offset": 0, "limit": 500, "additional": "[\"thumbnail\"]", "folder_id": 1228}
2026-05-15 21:22:40 | INFO     |   202312                                          138 photo(s)  [cumul : 9604]
2026-05-15 21:22:40 | DEBUG    | → SYNO.FotoTeam.Browse.Item.list  {"offset": 0, "limit": 500, "additional": "[\"thumbnail\"]", "folder_id": 1752}
2026-05-15 21:22:41 | INFO     |   202405                                          135 photo(s)  [cumul : 9739]
2026-05-15 21:22:41 | DEBUG    | → SYNO.FotoTeam.Browse.Item.list  {"offset": 0, "limit": 500, "additional": "[\"thumbnail\"]", "folder_id": 1902}
2026-05-15 21:22:42 | INFO     |   202408                                          113 photo(s)  [cumul : 9852]
2026-05-15 21:22:42 | DEBUG    | → SYNO.FotoTeam.Browse.Item.list  {"offset": 0, "limit": 500, "additional": "[\"thumbnail\"]", "folder_id": 1906}
2026-05-15 21:22:42 | INFO     |   202410                                           98 photo(s)  [cumul : 9950]
2026-05-15 21:22:42 | DEBUG    | → SYNO.FotoTeam.Browse.Item.list  {"offset": 0, "limit": 500, "additional": "[\"thumbnail\"]", "folder_id": 2450}
2026-05-15 21:22:43 | INFO     |   202506                                          121 photo(s)  [cumul : 10071]
2026-05-15 21:22:43 | DEBUG    | → SYNO.FotoTeam.Browse.Item.list  {"offset": 0, "limit": 500, "additional": "[\"thumbnail\"]", "folder_id": 2663}
2026-05-15 21:22:43 | INFO     |   202507                                          126 photo(s)  [cumul : 10197]
2026-05-15 21:22:43 | DEBUG    | → SYNO.FotoTeam.Browse.Item.list  {"offset": 0, "limit": 500, "additional": "[\"thumbnail\"]", "folder_id": 2662}
2026-05-15 21:22:45 | INFO     |   202507 - PISTACHE TEAM OVAL CINEMA              315 photo(s)  [cumul : 10512]
2026-05-15 21:22:45 | DEBUG    | → SYNO.FotoTeam.Browse.Item.list  {"offset": 0, "limit": 500, "additional": "[\"thumbnail\"]", "folder_id": 2851}
2026-05-15 21:22:45 | INFO     |   202508 - Normandie                              111 photo(s)  [cumul : 10623]
2026-05-15 21:22:45 | DEBUG    | → SYNO.FotoTeam.Browse.Item.list  {"offset": 0, "limit": 500, "additional": "[\"thumbnail\"]", "folder_id": 2665}
2026-05-15 21:22:46 | INFO     |   202508 - Sanguinet                              434 photo(s)  [cumul : 11057]
2026-05-15 21:22:46 | DEBUG    | → SYNO.FotoTeam.Browse.Item.list  {"offset": 0, "limit": 500, "additional": "[\"thumbnail\"]", "folder_id": 2852}
2026-05-15 21:22:46 | INFO     |   202508 - Zoo Beauval                             35 photo(s)  [cumul : 11092]
2026-05-15 21:22:46 | DEBUG    | → SYNO.FotoTeam.Browse.Item.list  {"offset": 0, "limit": 500, "additional": "[\"thumbnail\"]", "folder_id": 2929}
2026-05-15 21:22:46 | INFO     |   202512                                           32 photo(s)  [cumul : 11124]
2026-05-15 21:22:46 | DEBUG    | → SYNO.FotoTeam.Browse.Item.list  {"offset": 0, "limit": 500, "additional": "[\"thumbnail\"]", "folder_id": 2974}
2026-05-15 21:22:47 | INFO     |   202604 - Londres                                265 photo(s)  [cumul : 11389]
2026-05-15 21:22:47 | DEBUG    | → SYNO.FotoTeam.Browse.Item.list  {"offset": 0, "limit": 500, "additional": "[\"thumbnail\"]", "folder_id": 2447}
2026-05-15 21:22:47 | DEBUG    | → SYNO.FotoTeam.Browse.Item.list  {"offset": 0, "limit": 500, "additional": "[\"thumbnail\"]", "folder_id": 1669}
2026-05-15 21:22:47 | INFO     |   Random36                                         42 photo(s)  [cumul : 11431]
2026-05-15 21:22:47 | DEBUG    | → SYNO.FotoTeam.Browse.Item.list  {"offset": 0, "limit": 500, "additional": "[\"thumbnail\"]", "folder_id": 1680}
2026-05-15 21:22:47 | INFO     |   Video - Erwan                                     4 photo(s)  [cumul : 11435]
2026-05-15 21:22:47 | DEBUG    | → SYNO.FotoTeam.Browse.Item.list  {"offset": 0, "limit": 500, "additional": "[\"thumbnail\"]", "folder_id": 1252}
2026-05-15 21:22:47 | INFO     |   Video - Grand parents Candice                     2 photo(s)  [cumul : 11437]
2026-05-15 21:22:47 | DEBUG    | → SYNO.FotoTeam.Browse.Item.list  {"offset": 0, "limit": 500, "additional": "[\"thumbnail\"]", "folder_id": 1679}
2026-05-15 21:22:47 | INFO     |   Video - Lou-Anne                                138 photo(s)  [cumul : 11575]
2026-05-15 21:22:47 | DEBUG    | → SYNO.FotoTeam.Browse.Item.list  {"offset": 0, "limit": 500, "additional": "[\"thumbnail\"]", "folder_id": 2093}
2026-05-15 21:22:48 | INFO     |   Video - Perso                                    56 photo(s)  [cumul : 11631]
2026-05-15 21:22:48 | DEBUG    | → SYNO.FotoTeam.Browse.Item.list  {"offset": 0, "limit": 500, "additional": "[\"thumbnail\"]", "folder_id": 1676}
2026-05-15 21:22:48 | DEBUG    | → SYNO.FotoTeam.Browse.Item.list  {"offset": 500, "limit": 500, "additional": "[\"thumbnail\"]", "folder_id": 1676}
2026-05-15 21:22:49 | DEBUG    | → SYNO.FotoTeam.Browse.Item.list  {"offset": 1000, "limit": 500, "additional": "[\"thumbnail\"]", "folder_id": 1676}
2026-05-15 21:22:49 | DEBUG    | → SYNO.FotoTeam.Browse.Item.list  {"offset": 1500, "limit": 500, "additional": "[\"thumbnail\"]", "folder_id": 1676}
2026-05-15 21:22:50 | DEBUG    | → SYNO.FotoTeam.Browse.Item.list  {"offset": 2000, "limit": 500, "additional": "[\"thumbnail\"]", "folder_id": 1676}
2026-05-15 21:22:50 | DEBUG    | → SYNO.FotoTeam.Browse.Item.list  {"offset": 2500, "limit": 500, "additional": "[\"thumbnail\"]", "folder_id": 1676}
2026-05-15 21:22:50 | DEBUG    | → SYNO.FotoTeam.Browse.Item.list  {"offset": 3000, "limit": 500, "additional": "[\"thumbnail\"]", "folder_id": 1676}
2026-05-15 21:22:51 | DEBUG    | → SYNO.FotoTeam.Browse.Item.list  {"offset": 3500, "limit": 500, "additional": "[\"thumbnail\"]", "folder_id": 1676}
2026-05-15 21:22:51 | DEBUG    | → SYNO.FotoTeam.Browse.Item.list  {"offset": 4000, "limit": 500, "additional": "[\"thumbnail\"]", "folder_id": 1676}
2026-05-15 21:22:51 | DEBUG    | → SYNO.FotoTeam.Browse.Item.list  {"offset": 4500, "limit": 500, "additional": "[\"thumbnail\"]", "folder_id": 1676}
2026-05-15 21:22:52 | DEBUG    | → SYNO.FotoTeam.Browse.Item.list  {"offset": 5000, "limit": 500, "additional": "[\"thumbnail\"]", "folder_id": 1676}
2026-05-15 21:22:52 | INFO     |   Video - ToutesLesVideoGoogleYves               5035 photo(s)  [cumul : 16666]
2026-05-15 21:22:52 | DEBUG    | → SYNO.FotoTeam.Browse.Item.list  {"offset": 0, "limit": 500, "additional": "[\"thumbnail\"]", "folder_id": 2918}
2026-05-15 21:22:52 | INFO     |   .dtrash//.dtrash/files                            1 photo(s)  [cumul : 16667]
2026-05-15 21:22:52 | DEBUG    | → SYNO.FotoTeam.Browse.Item.list  {"offset": 0, "limit": 500, "additional": "[\"thumbnail\"]", "folder_id": 2919}
2026-05-15 21:22:52 | DEBUG    | → SYNO.FotoTeam.Browse.Item.list  {"offset": 0, "limit": 500, "additional": "[\"thumbnail\"]", "folder_id": 1230}
2026-05-15 21:22:52 | INFO     |   200900 - Amsterdam//200900 - Amsterdam/.picas   161 photo(s)  [cumul : 16828]
2026-05-15 21:22:52 | DEBUG    | → SYNO.FotoTeam.Browse.Item.list  {"offset": 0, "limit": 500, "additional": "[\"thumbnail\"]", "folder_id": 1256}
2026-05-15 21:22:52 | INFO     |   200902 - Inde photo d'Alexandrine//200902 - I     1 photo(s)  [cumul : 16829]
2026-05-15 21:22:52 | DEBUG    | → SYNO.FotoTeam.Browse.Item.list  {"offset": 0, "limit": 500, "additional": "[\"thumbnail\"]", "folder_id": 1254}
2026-05-15 21:22:52 | INFO     |   200902 - Inde Yves//200902 - Inde Yves/.picas     7 photo(s)  [cumul : 16836]
2026-05-15 21:22:53 | DEBUG    | → SYNO.FotoTeam.Browse.Item.list  {"offset": 0, "limit": 500, "additional": "[\"thumbnail\"]", "folder_id": 1273}
2026-05-15 21:22:53 | INFO     |   200909 - Marbella//200909 - Marbella/.picasao   124 photo(s)  [cumul : 16960]
2026-05-15 21:22:53 | DEBUG    | → SYNO.FotoTeam.Browse.Item.list  {"offset": 0, "limit": 500, "additional": "[\"thumbnail\"]", "folder_id": 2133}
2026-05-15 21:22:53 | DEBUG    | → SYNO.FotoTeam.Browse.Item.list  {"offset": 0, "limit": 500, "additional": "[\"thumbnail\"]", "folder_id": 1109}
2026-05-15 21:22:53 | INFO     |   201108 - Aout 2011 - Normandie & Barcelone//2     6 photo(s)  [cumul : 16966]
2026-05-15 21:22:53 | DEBUG    | → SYNO.FotoTeam.Browse.Item.list  {"offset": 0, "limit": 500, "additional": "[\"thumbnail\"]", "folder_id": 1108}
2026-05-15 21:22:53 | INFO     |   201212 - iphone candice dec 12//201212 - ipho   129 photo(s)  [cumul : 17095]
2026-05-15 21:22:53 | DEBUG    | → SYNO.FotoTeam.Browse.Item.list  {"offset": 0, "limit": 500, "additional": "[\"thumbnail\"]", "folder_id": 1118}
2026-05-15 21:22:53 | INFO     |   201408 - Etel 2014//201408 - Etel 2014/Etel 2    50 photo(s)  [cumul : 17145]
2026-05-15 21:22:53 | DEBUG    | → SYNO.FotoTeam.Browse.Item.list  {"offset": 0, "limit": 500, "additional": "[\"thumbnail\"]", "folder_id": 1119}
2026-05-15 21:22:53 | INFO     |   201408 - Etel 2014//201408 - Etel 2014/Etel 2     4 photo(s)  [cumul : 17149]
2026-05-15 21:22:53 | DEBUG    | → SYNO.FotoTeam.Browse.Item.list  {"offset": 0, "limit": 500, "additional": "[\"thumbnail\"]", "folder_id": 1134}
2026-05-15 21:22:53 | INFO     |   201802//201802/2017-2018_Erwan Grenadine         62 photo(s)  [cumul : 17211]
2026-05-15 21:22:53 | DEBUG    | → SYNO.FotoTeam.Browse.Item.list  {"offset": 0, "limit": 500, "additional": "[\"thumbnail\"]", "folder_id": 1137}
2026-05-15 21:22:53 | INFO     |   201808//201808/Identité                           1 photo(s)  [cumul : 17212]
2026-05-15 21:22:53 | DEBUG    | → SYNO.FotoTeam.Browse.Item.list  {"offset": 0, "limit": 500, "additional": "[\"thumbnail\"]", "folder_id": 1143}
2026-05-15 21:22:54 | INFO     |   201812 - Noel//201812 - Noel/best                53 photo(s)  [cumul : 17265]
2026-05-15 21:22:54 | DEBUG    | → SYNO.FotoTeam.Browse.Item.list  {"offset": 0, "limit": 500, "additional": "[\"thumbnail\"]", "folder_id": 1146}
2026-05-15 21:22:54 | INFO     |   201812-3//201812-3/201908                       256 photo(s)  [cumul : 17521]
2026-05-15 21:22:54 | DEBUG    | → SYNO.FotoTeam.Browse.Item.list  {"offset": 0, "limit": 500, "additional": "[\"thumbnail\"]", "folder_id": 1206}
2026-05-15 21:22:54 | INFO     |   202106 - Maison Aumenancourt//202106 - Maison    60 photo(s)  [cumul : 17581]
2026-05-15 21:22:54 | DEBUG    | → SYNO.FotoTeam.Browse.Item.list  {"offset": 0, "limit": 500, "additional": "[\"thumbnail\"]", "folder_id": 1215}
2026-05-15 21:22:54 | DEBUG    | → SYNO.FotoTeam.Browse.Item.list  {"offset": 0, "limit": 500, "additional": "[\"thumbnail\"]", "folder_id": 2097}
2026-05-15 21:22:54 | INFO     |   Video - Perso//Video - Perso/Video Candice 2      6 photo(s)  [cumul : 17587]
2026-05-15 21:22:54 | DEBUG    | → SYNO.FotoTeam.Browse.Item.list  {"offset": 0, "limit": 500, "additional": "[\"thumbnail\"]", "folder_id": 2098}
2026-05-15 21:22:54 | INFO     |   Video - Perso//Video - Perso/Video Candice Ip    29 photo(s)  [cumul : 17616]
2026-05-15 21:22:54 | DEBUG    | → SYNO.FotoTeam.Browse.Item.list  {"offset": 0, "limit": 500, "additional": "[\"thumbnail\"]", "folder_id": 2134}
2026-05-15 21:22:55 | INFO     |   200910 - Yves et Candice//200910 - Yves et Ca    29 photo(s)  [cumul : 17645]
2026-05-15 21:22:55 | DEBUG    | → SYNO.FotoTeam.Browse.Item.list  {"offset": 0, "limit": 500, "additional": "[\"thumbnail\"]", "folder_id": 1150}
2026-05-15 21:22:55 | INFO     |   201812-3//201812-3/201908//201812-3/201908/20     6 photo(s)  [cumul : 17651]
2026-05-15 21:22:55 | DEBUG    | → SYNO.FotoTeam.Browse.Item.list  {"offset": 0, "limit": 500, "additional": "[\"thumbnail\"]", "folder_id": 1151}
2026-05-15 21:22:55 | INFO     |   201812-3//201812-3/201908//201812-3/201908/20     9 photo(s)  [cumul : 17660]
2026-05-15 21:22:55 | DEBUG    | → SYNO.FotoTeam.Browse.Item.list  {"offset": 0, "limit": 500, "additional": "[\"thumbnail\"]", "folder_id": 1152}
2026-05-15 21:22:55 | INFO     |   201812-3//201812-3/201908//201812-3/201908/20     6 photo(s)  [cumul : 17666]
2026-05-15 21:22:55 | DEBUG    | → SYNO.FotoTeam.Browse.Item.list  {"offset": 0, "limit": 500, "additional": "[\"thumbnail\"]", "folder_id": 1153}
2026-05-15 21:22:55 | INFO     |   201812-3//201812-3/201908//201812-3/201908/20    11 photo(s)  [cumul : 17677]
2026-05-15 21:22:55 | DEBUG    | → SYNO.FotoTeam.Browse.Item.list  {"offset": 0, "limit": 500, "additional": "[\"thumbnail\"]", "folder_id": 1154}
2026-05-15 21:22:55 | INFO     |   201812-3//201812-3/201908//201812-3/201908/20    16 photo(s)  [cumul : 17693]
2026-05-15 21:22:55 | DEBUG    | → SYNO.FotoTeam.Browse.Item.list  {"offset": 0, "limit": 500, "additional": "[\"thumbnail\"]", "folder_id": 1155}
2026-05-15 21:22:55 | INFO     |   201812-3//201812-3/201908//201812-3/201908/20    15 photo(s)  [cumul : 17708]
2026-05-15 21:22:55 | DEBUG    | → SYNO.FotoTeam.Browse.Item.list  {"offset": 0, "limit": 500, "additional": "[\"thumbnail\"]", "folder_id": 1156}
2026-05-15 21:22:56 | INFO     |   201812-3//201812-3/201908//201812-3/201908/20    21 photo(s)  [cumul : 17729]
2026-05-15 21:22:56 | DEBUG    | → SYNO.FotoTeam.Browse.Item.list  {"offset": 0, "limit": 500, "additional": "[\"thumbnail\"]", "folder_id": 1157}
2026-05-15 21:22:56 | INFO     |   201812-3//201812-3/201908//201812-3/201908/20    59 photo(s)  [cumul : 17788]
2026-05-15 21:22:56 | DEBUG    | → SYNO.FotoTeam.Browse.Item.list  {"offset": 0, "limit": 500, "additional": "[\"thumbnail\"]", "folder_id": 1158}
2026-05-15 21:22:56 | INFO     |   201812-3//201812-3/201908//201812-3/201908/20    35 photo(s)  [cumul : 17823]
2026-05-15 21:22:56 | DEBUG    | → SYNO.FotoTeam.Browse.Item.list  {"offset": 0, "limit": 500, "additional": "[\"thumbnail\"]", "folder_id": 1159}
2026-05-15 21:22:56 | INFO     |   201812-3//201812-3/201908//201812-3/201908/20     2 photo(s)  [cumul : 17825]
2026-05-15 21:22:56 | DEBUG    | → SYNO.FotoTeam.Browse.Item.list  {"offset": 0, "limit": 500, "additional": "[\"thumbnail\"]", "folder_id": 1160}
2026-05-15 21:22:56 | INFO     |   201812-3//201812-3/201908//201812-3/201908/20     8 photo(s)  [cumul : 17833]
2026-05-15 21:22:56 | DEBUG    | → SYNO.FotoTeam.Browse.Item.list  {"offset": 0, "limit": 500, "additional": "[\"thumbnail\"]", "folder_id": 1161}
2026-05-15 21:22:56 | INFO     |   201812-3//201812-3/201908//201812-3/201908/20   129 photo(s)  [cumul : 17962]
2026-05-15 21:22:56 | DEBUG    | → SYNO.FotoTeam.Browse.Item.list  {"offset": 0, "limit": 500, "additional": "[\"thumbnail\"]", "folder_id": 1162}
2026-05-15 21:22:56 | INFO     |   201812-3//201812-3/201908//201812-3/201908/20     6 photo(s)  [cumul : 17968]
2026-05-15 21:22:56 | DEBUG    | → SYNO.FotoTeam.Browse.Item.list  {"offset": 0, "limit": 500, "additional": "[\"thumbnail\"]", "folder_id": 1163}
2026-05-15 21:22:56 | INFO     |   201812-3//201812-3/201908//201812-3/201908/20     3 photo(s)  [cumul : 17971]
2026-05-15 21:22:56 | DEBUG    | → SYNO.FotoTeam.Browse.Item.list  {"offset": 0, "limit": 500, "additional": "[\"thumbnail\"]", "folder_id": 1164}
2026-05-15 21:22:57 | INFO     |   201812-3//201812-3/201908//201812-3/201908/20     7 photo(s)  [cumul : 17978]
2026-05-15 21:22:57 | DEBUG    | → SYNO.FotoTeam.Browse.Item.list  {"offset": 0, "limit": 500, "additional": "[\"thumbnail\"]", "folder_id": 1165}
2026-05-15 21:22:57 | INFO     |   201812-3//201812-3/201908//201812-3/201908/20    26 photo(s)  [cumul : 18004]
2026-05-15 21:22:57 | DEBUG    | → SYNO.FotoTeam.Browse.Item.list  {"offset": 0, "limit": 500, "additional": "[\"thumbnail\"]", "folder_id": 1166}
2026-05-15 21:22:57 | INFO     |   201812-3//201812-3/201908//201812-3/201908/20     6 photo(s)  [cumul : 18010]
2026-05-15 21:22:57 | DEBUG    | → SYNO.FotoTeam.Browse.Item.list  {"offset": 0, "limit": 500, "additional": "[\"thumbnail\"]", "folder_id": 1167}
2026-05-15 21:22:57 | INFO     |   201812-3//201812-3/201908//201812-3/201908/20    10 photo(s)  [cumul : 18020]
2026-05-15 21:22:57 | DEBUG    | → SYNO.FotoTeam.Browse.Item.list  {"offset": 0, "limit": 500, "additional": "[\"thumbnail\"]", "folder_id": 1168}
2026-05-15 21:22:57 | INFO     |   201812-3//201812-3/201908//201812-3/201908/20    28 photo(s)  [cumul : 18048]
2026-05-15 21:22:57 | DEBUG    | → SYNO.FotoTeam.Browse.Item.list  {"offset": 0, "limit": 500, "additional": "[\"thumbnail\"]", "folder_id": 1169}
2026-05-15 21:22:57 | INFO     |   201812-3//201812-3/201908//201812-3/201908/20    55 photo(s)  [cumul : 18103]
2026-05-15 21:22:57 | DEBUG    | → SYNO.FotoTeam.Browse.Item.list  {"offset": 0, "limit": 500, "additional": "[\"thumbnail\"]", "folder_id": 1170}
2026-05-15 21:22:57 | INFO     |   201812-3//201812-3/201908//201812-3/201908/20    37 photo(s)  [cumul : 18140]
2026-05-15 21:22:57 | DEBUG    | → SYNO.FotoTeam.Browse.Item.list  {"offset": 0, "limit": 500, "additional": "[\"thumbnail\"]", "folder_id": 1173}
2026-05-15 21:22:57 | INFO     |   201812-3//201812-3/201908//201812-3/201908/20     2 photo(s)  [cumul : 18142]
2026-05-15 21:22:57 | DEBUG    | → SYNO.FotoTeam.Browse.Item.list  {"offset": 0, "limit": 500, "additional": "[\"thumbnail\"]", "folder_id": 1174}
2026-05-15 21:22:58 | INFO     |   201812-3//201812-3/201908//201812-3/201908/20    27 photo(s)  [cumul : 18169]
2026-05-15 21:22:58 | DEBUG    | → SYNO.FotoTeam.Browse.Item.list  {"offset": 0, "limit": 500, "additional": "[\"thumbnail\"]", "folder_id": 1175}
2026-05-15 21:22:58 | INFO     |   201812-3//201812-3/201908//201812-3/201908/20    32 photo(s)  [cumul : 18201]
2026-05-15 21:22:58 | DEBUG    | → SYNO.FotoTeam.Browse.Item.list  {"offset": 0, "limit": 500, "additional": "[\"thumbnail\"]", "folder_id": 1176}
2026-05-15 21:22:58 | INFO     |   201812-3//201812-3/201908//201812-3/201908/20    51 photo(s)  [cumul : 18252]
2026-05-15 21:22:58 | DEBUG    | → SYNO.FotoTeam.Browse.Item.list  {"offset": 0, "limit": 500, "additional": "[\"thumbnail\"]", "folder_id": 1177}
2026-05-15 21:22:58 | INFO     |   201812-3//201812-3/201908//201812-3/201908/20    18 photo(s)  [cumul : 18270]
2026-05-15 21:22:58 | DEBUG    | → SYNO.FotoTeam.Browse.Item.list  {"offset": 0, "limit": 500, "additional": "[\"thumbnail\"]", "folder_id": 1178}
2026-05-15 21:22:58 | INFO     |   201812-3//201812-3/201908//201812-3/201908/20    60 photo(s)  [cumul : 18330]
2026-05-15 21:22:58 | DEBUG    | → SYNO.FotoTeam.Browse.Item.list  {"offset": 0, "limit": 500, "additional": "[\"thumbnail\"]", "folder_id": 1179}
2026-05-15 21:22:58 | INFO     |   201812-3//201812-3/201908//201812-3/201908/20     6 photo(s)  [cumul : 18336]
2026-05-15 21:22:58 | DEBUG    | → SYNO.FotoTeam.Browse.Item.list  {"offset": 0, "limit": 500, "additional": "[\"thumbnail\"]", "folder_id": 1180}
2026-05-15 21:22:58 | INFO     |   201812-3//201812-3/201908//201812-3/201908/20    20 photo(s)  [cumul : 18356]
2026-05-15 21:22:58 | DEBUG    | → SYNO.FotoTeam.Browse.Item.list  {"offset": 0, "limit": 500, "additional": "[\"thumbnail\"]", "folder_id": 1181}
2026-05-15 21:22:58 | INFO     |   201812-3//201812-3/201908//201812-3/201908/20    43 photo(s)  [cumul : 18399]
2026-05-15 21:22:58 | DEBUG    | → SYNO.FotoTeam.Browse.Item.list  {"offset": 0, "limit": 500, "additional": "[\"thumbnail\"]", "folder_id": 1182}
2026-05-15 21:22:58 | INFO     |   201812-3//201812-3/201908//201812-3/201908/20    36 photo(s)  [cumul : 18435]
2026-05-15 21:22:58 | DEBUG    | → SYNO.FotoTeam.Browse.Item.list  {"offset": 0, "limit": 500, "additional": "[\"thumbnail\"]", "folder_id": 1183}
2026-05-15 21:22:59 | INFO     |   201812-3//201812-3/201908//201812-3/201908/20    18 photo(s)  [cumul : 18453]
2026-05-15 21:22:59 | DEBUG    | → SYNO.FotoTeam.Browse.Item.list  {"offset": 0, "limit": 500, "additional": "[\"thumbnail\"]", "folder_id": 1184}
2026-05-15 21:22:59 | INFO     |   201812-3//201812-3/201908//201812-3/201908/20    68 photo(s)  [cumul : 18521]
2026-05-15 21:22:59 | DEBUG    | → SYNO.FotoTeam.Browse.Item.list  {"offset": 0, "limit": 500, "additional": "[\"thumbnail\"]", "folder_id": 1185}
2026-05-15 21:22:59 | INFO     |   201812-3//201812-3/201908//201812-3/201908/20    22 photo(s)  [cumul : 18543]
2026-05-15 21:22:59 | DEBUG    | → SYNO.FotoTeam.Browse.Item.list  {"offset": 0, "limit": 500, "additional": "[\"thumbnail\"]", "folder_id": 1186}
2026-05-15 21:22:59 | INFO     |   201812-3//201812-3/201908//201812-3/201908/20    27 photo(s)  [cumul : 18570]
2026-05-15 21:22:59 | DEBUG    | → SYNO.FotoTeam.Browse.Item.list  {"offset": 0, "limit": 500, "additional": "[\"thumbnail\"]", "folder_id": 1187}
2026-05-15 21:22:59 | INFO     |   201812-3//201812-3/201908//201812-3/201908/20    39 photo(s)  [cumul : 18609]
2026-05-15 21:22:59 | DEBUG    | → SYNO.FotoTeam.Browse.Item.list  {"offset": 0, "limit": 500, "additional": "[\"thumbnail\"]", "folder_id": 1188}
2026-05-15 21:22:59 | INFO     |   201812-3//201812-3/201908//201812-3/201908/20    36 photo(s)  [cumul : 18645]
2026-05-15 21:22:59 | DEBUG    | → SYNO.FotoTeam.Browse.Item.list  {"offset": 0, "limit": 500, "additional": "[\"thumbnail\"]", "folder_id": 1189}
2026-05-15 21:22:59 | INFO     |   201812-3//201812-3/201908//201812-3/201908/20    60 photo(s)  [cumul : 18705]
2026-05-15 21:22:59 | DEBUG    | → SYNO.FotoTeam.Browse.Item.list  {"offset": 0, "limit": 500, "additional": "[\"thumbnail\"]", "folder_id": 1190}
2026-05-15 21:22:59 | INFO     |   201812-3//201812-3/201908//201812-3/201908/20    49 photo(s)  [cumul : 18754]
2026-05-15 21:22:59 | DEBUG    | → SYNO.FotoTeam.Browse.Item.list  {"offset": 0, "limit": 500, "additional": "[\"thumbnail\"]", "folder_id": 1191}
2026-05-15 21:23:00 | INFO     |   201812-3//201812-3/201908//201812-3/201908/20    77 photo(s)  [cumul : 18831]
2026-05-15 21:23:00 | DEBUG    | → SYNO.FotoTeam.Browse.Item.list  {"offset": 0, "limit": 500, "additional": "[\"thumbnail\"]", "folder_id": 1148}
2026-05-15 21:23:00 | INFO     |   201812-3//201812-3/201908//201812-3/201908/20    97 photo(s)  [cumul : 18928]
2026-05-15 21:23:00 | DEBUG    | → SYNO.FotoTeam.Browse.Item.list  {"offset": 0, "limit": 500, "additional": "[\"thumbnail\"]", "folder_id": 1149}
2026-05-15 21:23:00 | INFO     |   201812-3//201812-3/201908//201812-3/201908/20    36 photo(s)  [cumul : 18964]
2026-05-15 21:23:00 | DEBUG    | → SYNO.FotoTeam.Browse.Item.list  {"offset": 0, "limit": 500, "additional": "[\"thumbnail\"]", "folder_id": 1147}
2026-05-15 21:23:00 | INFO     |   201812-3//201812-3/201908//201812-3/201908/No    61 photo(s)  [cumul : 19025]
2026-05-15 21:23:00 | DEBUG    | → SYNO.FotoTeam.Browse.Item.list  {"offset": 0, "limit": 500, "additional": "[\"thumbnail\"]", "folder_id": 1216}
2026-05-15 21:23:00 | INFO     |   202306 - CM2 - Lou-Anne//202306 - CM2 - Lou-A    11 photo(s)  [cumul : 19036]
2026-05-15 21:23:00 | DEBUG    | → SYNO.FotoTeam.Browse.Item.list  {"offset": 0, "limit": 500, "additional": "[\"thumbnail\"]", "folder_id": 1217}
2026-05-15 21:23:00 | INFO     |   202306 - CM2 - Lou-Anne//202306 - CM2 - Lou-A    33 photo(s)  [cumul : 19069]
2026-05-15 21:23:00 | DEBUG    | → SYNO.FotoTeam.Browse.Item.list  {"offset": 0, "limit": 500, "additional": "[\"thumbnail\"]", "folder_id": 1218}
2026-05-15 21:23:00 | DEBUG    | → SYNO.FotoTeam.Browse.Item.list  {"offset": 0, "limit": 500, "additional": "[\"thumbnail\"]", "folder_id": 1222}
2026-05-15 21:23:00 | INFO     |   202306 - CM2 - Lou-Anne//202306 - CM2 - Lou-A   174 photo(s)  [cumul : 19243]
2026-05-15 21:23:00 | DEBUG    | → SYNO.FotoTeam.Browse.Item.list  {"offset": 0, "limit": 500, "additional": "[\"thumbnail\"]", "folder_id": 1223}
2026-05-15 21:23:00 | INFO     |   202306 - CM2 - Lou-Anne//202306 - CM2 - Lou-A    49 photo(s)  [cumul : 19292]
2026-05-15 21:23:00 | DEBUG    | → SYNO.FotoTeam.Browse.Item.list  {"offset": 0, "limit": 500, "additional": "[\"thumbnail\"]", "folder_id": 1224}
2026-05-15 21:23:01 | INFO     |   202306 - CM2 - Lou-Anne//202306 - CM2 - Lou-A    15 photo(s)  [cumul : 19307]
2026-05-15 21:23:01 | DEBUG    | → SYNO.FotoTeam.Browse.Item.list  {"offset": 0, "limit": 500, "additional": "[\"thumbnail\"]", "folder_id": 1225}
2026-05-15 21:23:01 | INFO     |   202306 - CM2 - Lou-Anne//202306 - CM2 - Lou-A    50 photo(s)  [cumul : 19357]
2026-05-15 21:23:01 | DEBUG    | → SYNO.FotoTeam.Browse.Item.list  {"offset": 0, "limit": 500, "additional": "[\"thumbnail\"]", "folder_id": 1226}
2026-05-15 21:23:01 | INFO     |   202306 - CM2 - Lou-Anne//202306 - CM2 - Lou-A    82 photo(s)  [cumul : 19439]
2026-05-15 21:23:01 | DEBUG    | → SYNO.FotoTeam.Browse.Item.list  {"offset": 0, "limit": 500, "additional": "[\"thumbnail\"]", "folder_id": 1171}
2026-05-15 21:23:01 | INFO     |   201812-3//201812-3/201908//201812-3/201908/20    50 photo(s)  [cumul : 19489]
2026-05-15 21:23:01 | DEBUG    | → SYNO.FotoTeam.Browse.Item.list  {"offset": 0, "limit": 500, "additional": "[\"thumbnail\"]", "folder_id": 1172}
2026-05-15 21:23:01 | INFO     |   201812-3//201812-3/201908//201812-3/201908/20     4 photo(s)  [cumul : 19493]
2026-05-15 21:23:01 | DEBUG    | → SYNO.FotoTeam.Browse.Item.list  {"offset": 0, "limit": 500, "additional": "[\"thumbnail\"]", "folder_id": 1219}
2026-05-15 21:23:01 | INFO     |   202306 - CM2 - Lou-Anne//202306 - CM2 - Lou-A   206 photo(s)  [cumul : 19699]
2026-05-15 21:23:01 | DEBUG    | → SYNO.FotoTeam.Browse.Item.list  {"offset": 0, "limit": 500, "additional": "[\"thumbnail\"]", "folder_id": 1220}
2026-05-15 21:23:01 | INFO     |   202306 - CM2 - Lou-Anne//202306 - CM2 - Lou-A    30 photo(s)  [cumul : 19729]
2026-05-15 21:23:01 | DEBUG    | → SYNO.FotoTeam.Browse.Item.list  {"offset": 0, "limit": 500, "additional": "[\"thumbnail\"]", "folder_id": 1221}
2026-05-15 21:23:01 | INFO     |   202306 - CM2 - Lou-Anne//202306 - CM2 - Lou-A    18 photo(s)  [cumul : 19747]
2026-05-15 21:23:02 | INFO     | Cache sauvegardé → C:\Users\voone\Claude\Album\cache\index.json (19747 photos)
2026-05-15 21:23:02 | INFO     | Index terminé : 19747 photos indexées
2026-05-15 21:23:02 | INFO     | Index pret : 19747 photos disponibles
2026-05-15 21:23:02 | INFO     | Thème du jour : anniversary  (jour 135, rotation ['anniversary', 'season', 'random'])
2026-05-15 21:23:02 | INFO     | AnniversaryTheme : 15 photo(s) depuis 2023
2026-05-15 21:23:02 | INFO     | Preparation de l'album : << Album du jour — Anniversaires >>
2026-05-15 21:23:02 | INFO     | Photos a ajouter : 15 (theme : anniversary)
2026-05-15 21:23:02 | DEBUG    | → SYNO.Foto.Browse.NormalAlbum.list  {"offset": 0, "limit": 100}
2026-05-15 21:23:02 | INFO     | Album introuvable — creation de << Album du jour — Anniversaires >>
2026-05-15 21:23:02 | INFO     | [DRY-RUN] Créerait l'album : « Album du jour — Anniversaires »
2026-05-15 21:23:02 | INFO     | [DRY-RUN] Ajouterait 15 photos à l'album id=-1
2026-05-15 21:23:02 | INFO     | Album << Album du jour — Anniversaires >> mis a jour
2026-05-15 21:23:02 | DEBUG    | AUTH logout
2026-05-15 21:23:02 | INFO     | Session fermée
2026-05-15 21:24:15 | INFO     | ==================================================
2026-05-15 21:24:15 | INFO     | Lancement - Friday 15 May 2026
2026-05-15 21:24:15 | DEBUG    | Connexion directe (locale) : http://192.168.1.142:5000
2026-05-15 21:24:15 | DEBUG    | AUTH login → http://192.168.1.142:5000/photo/webapi/auth.cgi
2026-05-15 21:24:18 | INFO     | Connecté au NAS (compte : robot, url : http://192.168.1.142:5000)
2026-05-15 21:24:18 | INFO     | Chemins exclus de l'index : ['19*', 'VHS*', 'MobileBackup', 'iphone*', '200700*']
2026-05-15 21:24:18 | DEBUG    | Cache valide (âge : 0.0h)
2026-05-15 21:24:18 | INFO     | Index chargé depuis le cache : 19747 photos (généré le 2026-05-15T21:23:01)
2026-05-15 21:24:18 | INFO     | Index pret : 19747 photos disponibles
2026-05-15 21:24:18 | INFO     | Thème forcé : random
2026-05-15 21:24:18 | INFO     | RandomTheme : 50 photo(s) sélectionnée(s)
2026-05-15 21:24:18 | INFO     | Preparation de l'album : << Album du jour — Aleatoire >>
2026-05-15 21:24:18 | INFO     | Photos a ajouter : 50 (theme : random)
2026-05-15 21:24:18 | DEBUG    | → SYNO.Foto.Browse.NormalAlbum.list  {"offset": 0, "limit": 100}
2026-05-15 21:24:18 | INFO     | Album existant (id=69) — remplacement des photos
2026-05-15 21:24:18 | DEBUG    | → SYNO.Foto.Browse.Item.list  {"album_id": 69, "offset": 0, "limit": 500}
2026-05-15 21:24:18 | DEBUG    | → SYNO.Foto.Browse.NormalAlbum.delete_item  {"id": 69, "item": "[295077, 105200, 176761, 176609, 176530, 105157, 105133, 104474, 170560, 103815, 103022, 171532, 172108, 98320, 100728, 100616, 100119, 100078, 97125, 97571, 97929, 97828, 97030, 173454, 173009, 173827, 99383, 174415, 174996, 95649, 95768, 171827, 99296, 95396, 175663, 98840, 175735, 130761, 130650, 118755, 107035, 106976, 108518, 108393, 108586, 108886, 108678, 107421, 106731, 107965]"}
2026-05-15 21:24:19 | INFO     | Album id=69 vidé (50 photos supprimées)
2026-05-15 21:24:19 | DEBUG    | → SYNO.Foto.Browse.NormalAlbum.add_item  {"id": 69, "item": "[95558, 118880, 94987, 105481, 172496, 172861, 97553, 186781, 286366, 172134, 97169, 102758, 98606, 105647, 290688, 95371, 172349, 102741, 96196, 172574, 287176, 130922, 96911, 102588, 95599, 290771, 101545, 298948, 172275, 94568, 104955, 104362, 102621, 172749, 104294, 104605, 102375, 290799, 99963, 118524, 97336, 103515, 172289, 96136, 103819, 99869, 97687, 171928, 130873, 287351]"}
2026-05-15 21:24:21 | DEBUG    | Lot 0–50 ajouté (album id=69)
2026-05-15 21:24:21 | INFO     | 50 photos ajoutées à l'album id=69
2026-05-15 21:24:21 | INFO     | Album << Album du jour — Aleatoire >> mis a jour
2026-05-15 21:24:21 | DEBUG    | AUTH logout
2026-05-15 21:24:21 | INFO     | Session fermée
2026-05-15 21:27:39 | INFO     | ==================================================
2026-05-15 21:27:39 | INFO     | Lancement - Friday 15 May 2026
2026-05-15 21:27:39 | DEBUG    | Connexion directe (locale) : http://192.168.1.142:5000
2026-05-15 21:27:39 | DEBUG    | AUTH login → http://192.168.1.142:5000/photo/webapi/auth.cgi
2026-05-15 21:27:42 | INFO     | Connecté au NAS (compte : robot, url : http://192.168.1.142:5000)
2026-05-15 21:27:42 | INFO     | Chemins exclus de l'index : ['19*', 'VHS*', 'MobileBackup', 'iphone*', '200700*']
2026-05-15 21:27:42 | DEBUG    | Cache valide (âge : 0.1h)
2026-05-15 21:27:42 | INFO     | Index chargé depuis le cache : 19747 photos (généré le 2026-05-15T21:23:01)
2026-05-15 21:27:42 | INFO     | Index pret : 19747 photos disponibles
2026-05-15 21:27:42 | INFO     | Thème forcé : random
2026-05-15 21:27:42 | INFO     | RandomTheme : 50 photo(s) sélectionnée(s)
2026-05-15 21:27:42 | INFO     | Preparation de l'album : << Album du jour — Aleatoire >>
2026-05-15 21:27:42 | INFO     | Photos a ajouter : 50 (theme : random)
2026-05-15 21:27:42 | DEBUG    | → SYNO.Foto.Browse.NormalAlbum.list  {"offset": 0, "limit": 100}
2026-05-15 21:27:42 | INFO     | Album existant (id=69) — remplacement des photos
2026-05-15 21:27:42 | DEBUG    | → SYNO.Foto.Browse.Item.list  {"album_id": 69, "offset": 0, "limit": 500}
2026-05-15 21:27:43 | DEBUG    | → SYNO.Foto.Browse.NormalAlbum.delete_item  {"id": 69, "item": "[298948, 290688, 290771, 290799, 287351, 287176, 286366, 186781, 105481, 104605, 104955, 104362, 104294, 103819, 103515, 102758, 102741, 102621, 102588, 102375, 171928, 172275, 172289, 172349, 172496, 172134, 172574, 172749, 99963, 97336, 97553, 97169, 97687, 172861, 96196, 96136, 95599, 95558, 95371, 94987, 98606, 130922, 130873, 105647, 94568, 118524, 118880]"}
2026-05-15 21:27:43 | INFO     | Album id=69 vidé (47 photos supprimées)
2026-05-15 21:27:43 | DEBUG    | → SYNO.Foto.Browse.NormalAlbum.add_item  {"id": 69, "item": "[101604, 174957, 118780, 287192, 95512, 130758, 104872, 95495, 173653, 102055, 174892, 97185, 174512, 99334, 173011, 99019, 287190, 97098, 171392, 96456, 103643, 100693, 98100, 98830, 101025, 104173, 101583, 175292, 118995, 173073, 174483, 98002, 95137, 101021, 99112, 197268, 175508, 197175, 103686, 105371, 100859, 98921, 175205, 102749, 95148, 102286, 175367, 104669, 174667, 103391]"}
2026-05-15 21:27:45 | DEBUG    | Lot 0–50 ajouté (album id=69)
2026-05-15 21:27:45 | INFO     | 50 photos ajoutées à l'album id=69
2026-05-15 21:27:45 | INFO     | Album << Album du jour — Aleatoire >> mis a jour
2026-05-15 21:27:45 | DEBUG    | AUTH logout
2026-05-15 21:27:46 | INFO     | Session fermée
